pdb_file,normalized_hydrophobicity_contacts
complex.0_0_14_corrected_H_0001,9
complex.0_0_16_corrected_H_0001,12
complex.0_0_24_corrected_H_0001,8
complex.0_0_25_corrected_H_0001,5
complex.0_0_31_corrected_H_0001,19
complex.0_10_25_corrected_H_0001,21
complex.0_10_2_corrected_H_0001,19
complex.0_10_31_corrected_H_0001,15
complex.0_10_39_corrected_H_0001,20
complex.0_10_3_corrected_H_0001,20
complex.0_10_44_corrected_H_0001,10
complex.0_10_6_corrected_H_0001,16
complex.0_10_9_corrected_H_0001,16
complex.0_11_11_corrected_H_0001,22
complex.0_11_49_corrected_H_0001,18
complex.0_12_24_corrected_H_0001,17
complex.0_12_33_corrected_H_0001,18
complex.0_12_36_corrected_H_0001,14
complex.0_12_42_corrected_H_0001,20
complex.0_12_7_corrected_H_0001,14
complex.0_13_23_corrected_H_0001,18
complex.0_13_26_corrected_H_0001,20
complex.0_13_36_corrected_H_0001,16
complex.0_13_45_corrected_H_0001,21
complex.0_14_16_corrected_H_0001,18
complex.0_14_31_corrected_H_0001,19
complex.0_14_34_corrected_H_0001,17
complex.0_14_39_corrected_H_0001,20
complex.0_14_43_corrected_H_0001,21
complex.0_14_5_corrected_H_0001,19
complex.0_15_10_corrected_H_0001,22
complex.0_15_2_corrected_H_0001,20
complex.0_15_31_corrected_H_0001,22
complex.0_15_7_corrected_H_0001,18
complex.0_16_12_corrected_H_0001,17
complex.0_16_27_corrected_H_0001,20
complex.0_16_30_corrected_H_0001,20
complex.0_16_35_corrected_H_0001,18
complex.0_16_38_corrected_H_0001,18
complex.0_16_7_corrected_H_0001,18
complex.0_17_15_corrected_H_0001,18
complex.0_17_39_corrected_H_0001,18
complex.0_18_11_corrected_H_0001,19
complex.0_18_1_corrected_H_0001,18
complex.0_18_24_corrected_H_0001,19
complex.0_18_2_corrected_H_0001,18
complex.0_18_9_corrected_H_0001,20
complex.0_1_21_corrected_H_0001,8
complex.0_1_22_corrected_H_0001,9
complex.0_1_25_corrected_H_0001,7
complex.0_1_27_corrected_H_0001,15
complex.0_1_36_corrected_H_0001,19
complex.0_1_39_corrected_H_0001,8
complex.0_1_48_corrected_H_0001,8
complex.0_1_4_corrected_H_0001,16
complex.0_2_15_corrected_H_0001,12
complex.0_2_21_corrected_H_0001,17
complex.0_2_26_corrected_H_0001,11
complex.0_2_33_corrected_H_0001,8
complex.0_2_38_corrected_H_0001,20
complex.0_2_3_corrected_H_0001,6
complex.0_3_14_corrected_H_0001,19
complex.0_3_27_corrected_H_0001,14
complex.0_3_37_corrected_H_0001,11
complex.0_3_41_corrected_H_0001,13
complex.0_3_42_corrected_H_0001,7
complex.0_4_0_corrected_H_0001,13
complex.0_4_11_corrected_H_0001,18
complex.0_4_21_corrected_H_0001,10
complex.0_4_31_corrected_H_0001,20
complex.0_4_36_corrected_H_0001,16
complex.0_4_37_corrected_H_0001,13
complex.0_4_38_corrected_H_0001,15
complex.0_4_46_corrected_H_0001,18
complex.0_4_47_corrected_H_0001,14
complex.0_4_48_corrected_H_0001,12
complex.0_4_5_corrected_H_0001,6
complex.0_4_7_corrected_H_0001,16
complex.0_5_18_corrected_H_0001,9
complex.0_5_24_corrected_H_0001,16
complex.0_5_25_corrected_H_0001,9
complex.0_5_44_corrected_H_0001,26
complex.0_5_4_corrected_H_0001,11
complex.0_5_8_corrected_H_0001,16
complex.0_6_13_corrected_H_0001,20
complex.0_6_18_corrected_H_0001,16
complex.0_6_28_corrected_H_0001,19
complex.0_6_34_corrected_H_0001,14
complex.0_6_49_corrected_H_0001,19
complex.0_6_5_corrected_H_0001,17
complex.0_6_9_corrected_H_0001,20
complex.0_7_11_corrected_H_0001,17
complex.0_7_15_corrected_H_0001,14
complex.0_7_23_corrected_H_0001,18
complex.0_7_8_corrected_H_0001,24
complex.0_7_9_corrected_H_0001,14
complex.0_8_11_corrected_H_0001,21
complex.0_8_19_corrected_H_0001,21
complex.0_8_46_corrected_H_0001,15
complex.0_8_47_corrected_H_0001,16
complex.0_8_5_corrected_H_0001,19
complex.0_9_10_corrected_H_0001,17
complex.0_9_15_corrected_H_0001,19
complex.0_9_19_corrected_H_0001,18
complex.0_9_20_corrected_H_0001,18
complex.0_9_33_corrected_H_0001,17
complex.0_9_44_corrected_H_0001,16
complex.0_9_45_corrected_H_0001,15
complex.0_9_46_corrected_H_0001,17
complex.1_0_11_corrected_H_0001,17
complex.1_0_13_corrected_H_0001,14
complex.1_0_21_corrected_H_0001,8
complex.1_0_23_corrected_H_0001,14
complex.1_0_27_corrected_H_0001,6
complex.1_0_29_corrected_H_0001,15
complex.1_0_6_corrected_H_0001,12
complex.1_10_17_corrected_H_0001,21
complex.1_10_32_corrected_H_0001,24
complex.1_10_33_corrected_H_0001,19
complex.1_10_35_corrected_H_0001,14
complex.1_10_36_corrected_H_0001,22
complex.1_10_43_corrected_H_0001,22
complex.1_10_45_corrected_H_0001,23
complex.1_11_0_corrected_H_0001,17
complex.1_11_10_corrected_H_0001,20
complex.1_11_14_corrected_H_0001,15
complex.1_11_21_corrected_H_0001,20
complex.1_11_8_corrected_H_0001,18
complex.1_12_19_corrected_H_0001,17
complex.1_12_1_corrected_H_0001,18
complex.1_12_2_corrected_H_0001,18
complex.1_12_47_corrected_H_0001,18
complex.1_12_4_corrected_H_0001,15
complex.1_13_18_corrected_H_0001,17
complex.1_13_27_corrected_H_0001,16
complex.1_13_38_corrected_H_0001,20
complex.1_13_5_corrected_H_0001,22
complex.1_14_1_corrected_H_0001,19
complex.1_14_26_corrected_H_0001,21
complex.1_14_2_corrected_H_0001,19
complex.1_14_32_corrected_H_0001,17
complex.1_14_45_corrected_H_0001,17
complex.1_14_48_corrected_H_0001,18
complex.1_14_6_corrected_H_0001,21
complex.1_15_12_corrected_H_0001,18
complex.1_15_18_corrected_H_0001,20
complex.1_16_15_corrected_H_0001,17
complex.1_16_17_corrected_H_0001,21
complex.1_16_24_corrected_H_0001,21
complex.1_16_34_corrected_H_0001,19
complex.1_16_41_corrected_H_0001,19
complex.1_16_46_corrected_H_0001,16
complex.1_18_25_corrected_H_0001,18
complex.1_18_4_corrected_H_0001,19
complex.1_18_6_corrected_H_0001,18
complex.1_1_38_corrected_H_0001,9
complex.1_2_17_corrected_H_0001,8
complex.1_2_24_corrected_H_0001,14
complex.1_2_34_corrected_H_0001,13
complex.1_2_5_corrected_H_0001,18
complex.1_2_8_corrected_H_0001,9
complex.1_3_11_corrected_H_0001,17
complex.1_3_26_corrected_H_0001,11
complex.1_3_33_corrected_H_0001,21
complex.1_3_40_corrected_H_0001,12
complex.1_3_45_corrected_H_0001,8
complex.1_3_46_corrected_H_0001,12
complex.1_3_47_corrected_H_0001,9
complex.1_4_32_corrected_H_0001,9
complex.1_4_41_corrected_H_0001,8
complex.1_5_10_corrected_H_0001,12
complex.1_5_17_corrected_H_0001,14
complex.1_5_1_corrected_H_0001,5
complex.1_5_29_corrected_H_0001,16
complex.1_5_34_corrected_H_0001,15
complex.1_5_9_corrected_H_0001,11
complex.1_6_15_corrected_H_0001,7
complex.1_6_21_corrected_H_0001,7
complex.1_6_29_corrected_H_0001,15
complex.1_6_6_corrected_H_0001,20
complex.1_7_12_corrected_H_0001,9
complex.1_7_21_corrected_H_0001,16
complex.1_7_27_corrected_H_0001,14
complex.1_7_34_corrected_H_0001,13
complex.1_7_39_corrected_H_0001,14
complex.1_8_10_corrected_H_0001,18
complex.1_8_14_corrected_H_0001,12
complex.1_8_23_corrected_H_0001,18
complex.1_8_27_corrected_H_0001,14
complex.1_8_40_corrected_H_0001,19
complex.1_8_48_corrected_H_0001,18
complex.1_9_0_corrected_H_0001,16
complex.1_9_12_corrected_H_0001,19
complex.2_0_10_corrected_H_0001,11
complex.2_0_12_corrected_H_0001,14
complex.2_0_20_corrected_H_0001,8
complex.2_0_37_corrected_H_0001,16
complex.2_0_44_corrected_H_0001,13
complex.2_0_4_corrected_H_0001,15
complex.2_10_18_corrected_H_0001,19
complex.2_10_28_corrected_H_0001,20
complex.2_10_47_corrected_H_0001,23
complex.2_10_48_corrected_H_0001,16
complex.2_11_22_corrected_H_0001,19
complex.2_11_27_corrected_H_0001,16
complex.2_11_36_corrected_H_0001,17
complex.2_11_46_corrected_H_0001,21
complex.2_12_26_corrected_H_0001,19
complex.2_12_27_corrected_H_0001,21
complex.2_12_32_corrected_H_0001,19
complex.2_12_35_corrected_H_0001,18
complex.2_12_40_corrected_H_0001,22
complex.2_12_41_corrected_H_0001,15
complex.2_13_13_corrected_H_0001,19
complex.2_13_19_corrected_H_0001,21
complex.2_13_2_corrected_H_0001,17
complex.2_13_32_corrected_H_0001,22
complex.2_13_44_corrected_H_0001,21
complex.2_14_28_corrected_H_0001,21
complex.2_14_42_corrected_H_0001,20
complex.2_14_47_corrected_H_0001,18
complex.2_14_7_corrected_H_0001,17
complex.2_14_8_corrected_H_0001,19
complex.2_15_0_corrected_H_0001,19
complex.2_15_14_corrected_H_0001,17
complex.2_15_27_corrected_H_0001,19
complex.2_15_30_corrected_H_0001,22
complex.2_15_41_corrected_H_0001,18
complex.2_15_47_corrected_H_0001,18
complex.2_16_16_corrected_H_0001,20
complex.2_16_19_corrected_H_0001,18
complex.2_16_23_corrected_H_0001,20
complex.2_16_2_corrected_H_0001,20
complex.2_16_42_corrected_H_0001,21
complex.2_16_43_corrected_H_0001,18
complex.2_16_45_corrected_H_0001,18
complex.2_17_16_corrected_H_0001,20
complex.2_17_21_corrected_H_0001,18
complex.2_17_30_corrected_H_0001,18
complex.2_17_33_corrected_H_0001,18
complex.2_17_34_corrected_H_0001,21
complex.2_18_14_corrected_H_0001,18
complex.2_18_20_corrected_H_0001,18
complex.2_18_28_corrected_H_0001,19
complex.2_18_32_corrected_H_0001,20
complex.2_18_34_corrected_H_0001,20
complex.2_1_17_corrected_H_0001,8
complex.2_1_29_corrected_H_0001,15
complex.2_1_41_corrected_H_0001,11
complex.2_1_45_corrected_H_0001,25
complex.2_1_9_corrected_H_0001,13
complex.2_2_1_corrected_H_0001,13
complex.2_2_2_corrected_H_0001,8
complex.2_2_31_corrected_H_0001,16
complex.2_2_35_corrected_H_0001,15
complex.2_2_41_corrected_H_0001,15
complex.2_2_44_corrected_H_0001,16
complex.2_2_4_corrected_H_0001,9
complex.2_3_0_corrected_H_0001,17
complex.2_3_29_corrected_H_0001,10
complex.2_3_2_corrected_H_0001,10
complex.2_3_32_corrected_H_0001,6
complex.2_4_10_corrected_H_0001,12
complex.2_4_22_corrected_H_0001,7
complex.2_4_29_corrected_H_0001,11
complex.2_4_34_corrected_H_0001,8
complex.2_5_16_corrected_H_0001,12
complex.2_5_19_corrected_H_0001,18
complex.2_5_2_corrected_H_0001,11
complex.2_5_37_corrected_H_0001,18
complex.2_5_7_corrected_H_0001,22
complex.2_6_23_corrected_H_0001,19
complex.2_6_35_corrected_H_0001,20
complex.2_6_45_corrected_H_0001,18
complex.2_7_46_corrected_H_0001,17
complex.2_8_12_corrected_H_0001,16
complex.2_8_18_corrected_H_0001,14
complex.2_8_20_corrected_H_0001,14
complex.2_8_25_corrected_H_0001,18
complex.2_8_36_corrected_H_0001,13
complex.2_8_45_corrected_H_0001,16
complex.2_9_14_corrected_H_0001,16
complex.2_9_1_corrected_H_0001,17
complex.2_9_36_corrected_H_0001,18
complex.2_9_39_corrected_H_0001,16
complex.3_0_26_corrected_H_0001,9
complex.3_0_3_corrected_H_0001,13
complex.3_0_5_corrected_H_0001,9
complex.3_0_9_corrected_H_0001,13
complex.3_10_14_corrected_H_0001,22
complex.3_10_23_corrected_H_0001,14
complex.3_10_37_corrected_H_0001,19
complex.3_10_5_corrected_H_0001,21
complex.3_11_23_corrected_H_0001,18
complex.3_11_28_corrected_H_0001,15
complex.3_11_2_corrected_H_0001,21
complex.3_11_30_corrected_H_0001,16
complex.3_11_37_corrected_H_0001,19
complex.3_11_38_corrected_H_0001,14
complex.3_11_5_corrected_H_0001,17
complex.3_12_17_corrected_H_0001,19
complex.3_12_18_corrected_H_0001,19
complex.3_12_37_corrected_H_0001,19
complex.3_12_48_corrected_H_0001,19
complex.3_12_9_corrected_H_0001,20
complex.3_13_0_corrected_H_0001,22
complex.3_13_25_corrected_H_0001,20
complex.3_13_42_corrected_H_0001,20
complex.3_14_35_corrected_H_0001,22
complex.3_14_36_corrected_H_0001,16
complex.3_15_15_corrected_H_0001,20
complex.3_15_23_corrected_H_0001,22
complex.3_15_28_corrected_H_0001,16
complex.3_15_36_corrected_H_0001,20
complex.3_15_40_corrected_H_0001,19
complex.3_16_13_corrected_H_0001,21
complex.3_16_1_corrected_H_0001,22
complex.3_16_25_corrected_H_0001,18
complex.3_16_28_corrected_H_0001,20
complex.3_16_36_corrected_H_0001,22
complex.3_16_39_corrected_H_0001,20
complex.3_16_48_corrected_H_0001,21
complex.3_17_18_corrected_H_0001,18
complex.3_17_1_corrected_H_0001,18
complex.3_17_22_corrected_H_0001,18
complex.3_17_32_corrected_H_0001,22
complex.3_17_41_corrected_H_0001,19
complex.3_17_48_corrected_H_0001,18
complex.3_18_17_corrected_H_0001,19
complex.3_18_23_corrected_H_0001,18
complex.3_18_26_corrected_H_0001,18
complex.3_1_14_corrected_H_0001,10
complex.3_1_16_corrected_H_0001,15
complex.3_1_28_corrected_H_0001,6
complex.3_1_34_corrected_H_0001,11
complex.3_1_35_corrected_H_0001,10
complex.3_1_42_corrected_H_0001,13
complex.3_1_43_corrected_H_0001,23
complex.3_1_47_corrected_H_0001,13
complex.3_2_10_corrected_H_0001,11
complex.3_2_18_corrected_H_0001,5
complex.3_2_23_corrected_H_0001,9
complex.3_3_13_corrected_H_0001,10
complex.3_3_18_corrected_H_0001,13
complex.3_3_36_corrected_H_0001,13
complex.3_3_39_corrected_H_0001,15
complex.3_3_43_corrected_H_0001,11
complex.3_3_4_corrected_H_0001,8
complex.3_3_6_corrected_H_0001,8
complex.3_4_15_corrected_H_0001,10
complex.3_4_16_corrected_H_0001,9
complex.3_4_18_corrected_H_0001,23
complex.3_4_39_corrected_H_0001,16
complex.3_5_13_corrected_H_0001,10
complex.3_5_23_corrected_H_0001,8
complex.3_5_27_corrected_H_0001,9
complex.3_5_31_corrected_H_0001,21
complex.3_6_20_corrected_H_0001,16
complex.3_6_25_corrected_H_0001,18
complex.3_7_16_corrected_H_0001,13
complex.3_7_1_corrected_H_0001,17
complex.3_7_20_corrected_H_0001,17
complex.3_7_3_corrected_H_0001,15
complex.3_7_49_corrected_H_0001,16
complex.3_7_5_corrected_H_0001,17
complex.3_7_7_corrected_H_0001,10
complex.3_8_1_corrected_H_0001,12
complex.3_8_26_corrected_H_0001,19
complex.3_8_32_corrected_H_0001,18
complex.3_8_35_corrected_H_0001,16
complex.3_8_41_corrected_H_0001,12
complex.3_8_6_corrected_H_0001,19
complex.3_8_8_corrected_H_0001,19
complex.3_9_18_corrected_H_0001,10
complex.3_9_35_corrected_H_0001,18
complex.3_9_3_corrected_H_0001,15
complex.3_9_40_corrected_H_0001,17
complex.3_9_47_corrected_H_0001,23
complex.3_9_7_corrected_H_0001,17
complex.3_9_9_corrected_H_0001,19
complex.4_0_32_corrected_H_0001,12
complex.4_0_33_corrected_H_0001,25
complex.4_0_36_corrected_H_0001,13
complex.4_10_24_corrected_H_0001,20
complex.4_10_46_corrected_H_0001,16
complex.4_11_17_corrected_H_0001,16
complex.4_11_19_corrected_H_0001,20
complex.4_11_26_corrected_H_0001,22
complex.4_11_41_corrected_H_0001,21
complex.4_11_44_corrected_H_0001,17
complex.4_11_48_corrected_H_0001,15
complex.4_11_4_corrected_H_0001,17
complex.4_12_12_corrected_H_0001,17
complex.4_12_15_corrected_H_0001,15
complex.4_12_22_corrected_H_0001,22
complex.4_12_30_corrected_H_0001,20
complex.4_12_34_corrected_H_0001,20
complex.4_13_22_corrected_H_0001,19
complex.4_13_35_corrected_H_0001,16
complex.4_13_48_corrected_H_0001,21
complex.4_13_4_corrected_H_0001,15
complex.4_14_12_corrected_H_0001,15
complex.4_14_15_corrected_H_0001,21
complex.4_14_27_corrected_H_0001,19
complex.4_14_3_corrected_H_0001,18
complex.4_15_29_corrected_H_0001,19
complex.4_15_35_corrected_H_0001,20
complex.4_15_37_corrected_H_0001,20
complex.4_15_8_corrected_H_0001,17
complex.4_16_29_corrected_H_0001,19
complex.4_16_32_corrected_H_0001,19
complex.4_16_33_corrected_H_0001,22
complex.4_16_47_corrected_H_0001,16
complex.4_17_0_corrected_H_0001,19
complex.4_17_19_corrected_H_0001,19
complex.4_17_27_corrected_H_0001,18
complex.4_17_44_corrected_H_0001,19
complex.4_17_7_corrected_H_0001,21
complex.4_18_10_corrected_H_0001,18
complex.4_18_12_corrected_H_0001,18
complex.4_18_13_corrected_H_0001,18
complex.4_18_27_corrected_H_0001,20
complex.4_18_31_corrected_H_0001,19
complex.4_1_11_corrected_H_0001,9
complex.4_1_23_corrected_H_0001,13
complex.4_1_30_corrected_H_0001,11
complex.4_2_46_corrected_H_0001,13
complex.4_3_15_corrected_H_0001,16
complex.4_3_22_corrected_H_0001,13
complex.4_3_34_corrected_H_0001,12
complex.4_3_9_corrected_H_0001,16
complex.4_4_19_corrected_H_0001,10
complex.4_4_30_corrected_H_0001,16
complex.4_4_3_corrected_H_0001,23
complex.4_4_42_corrected_H_0001,8
complex.4_4_44_corrected_H_0001,6
complex.4_4_6_corrected_H_0001,14
complex.4_5_0_corrected_H_0001,16
complex.4_5_21_corrected_H_0001,11
complex.4_5_22_corrected_H_0001,12
complex.4_5_42_corrected_H_0001,9
complex.4_5_6_corrected_H_0001,16
complex.4_6_22_corrected_H_0001,18
complex.4_6_2_corrected_H_0001,14
complex.4_7_26_corrected_H_0001,12
complex.4_7_36_corrected_H_0001,13
complex.4_7_41_corrected_H_0001,14
complex.4_8_17_corrected_H_0001,16
complex.4_8_21_corrected_H_0001,15
complex.4_8_3_corrected_H_0001,19
complex.4_8_43_corrected_H_0001,10
complex.4_9_13_corrected_H_0001,20
complex.4_9_21_corrected_H_0001,16
complex.4_9_31_corrected_H_0001,19
complex.4_9_34_corrected_H_0001,14
complex.4_9_41_corrected_H_0001,16
complex.4_9_48_corrected_H_0001,16
complex.5_0_0_corrected_H_0001,5
complex.5_0_19_corrected_H_0001,12
complex.5_0_1_corrected_H_0001,9
complex.5_0_22_corrected_H_0001,18
complex.5_0_39_corrected_H_0001,13
complex.5_0_40_corrected_H_0001,11
complex.5_0_41_corrected_H_0001,13
complex.5_0_47_corrected_H_0001,9
complex.5_0_48_corrected_H_0001,11
complex.5_10_11_corrected_H_0001,20
complex.5_10_15_corrected_H_0001,18
complex.5_10_21_corrected_H_0001,21
complex.5_10_22_corrected_H_0001,15
complex.5_10_38_corrected_H_0001,13
complex.5_11_16_corrected_H_0001,15
complex.5_11_20_corrected_H_0001,20
complex.5_11_24_corrected_H_0001,21
complex.5_11_33_corrected_H_0001,16
complex.5_11_43_corrected_H_0001,20
complex.5_12_10_corrected_H_0001,16
complex.5_12_14_corrected_H_0001,19
complex.5_12_29_corrected_H_0001,17
complex.5_13_10_corrected_H_0001,18
complex.5_13_14_corrected_H_0001,19
complex.5_13_20_corrected_H_0001,16
complex.5_13_21_corrected_H_0001,22
complex.5_13_28_corrected_H_0001,21
complex.5_13_29_corrected_H_0001,16
complex.5_13_30_corrected_H_0001,18
complex.5_13_31_corrected_H_0001,17
complex.5_13_37_corrected_H_0001,22
complex.5_14_0_corrected_H_0001,20
complex.5_14_22_corrected_H_0001,16
complex.5_14_25_corrected_H_0001,19
complex.5_14_41_corrected_H_0001,19
complex.5_15_11_corrected_H_0001,18
complex.5_15_1_corrected_H_0001,18
complex.5_15_22_corrected_H_0001,16
complex.5_15_34_corrected_H_0001,20
complex.5_15_43_corrected_H_0001,21
complex.5_16_18_corrected_H_0001,20
complex.5_16_40_corrected_H_0001,18
complex.5_16_9_corrected_H_0001,19
complex.5_17_11_corrected_H_0001,18
complex.5_17_12_corrected_H_0001,19
complex.5_17_13_corrected_H_0001,19
complex.5_17_24_corrected_H_0001,18
complex.5_17_35_corrected_H_0001,23
complex.5_17_40_corrected_H_0001,21
complex.5_18_19_corrected_H_0001,18
complex.5_18_22_corrected_H_0001,18
complex.5_18_5_corrected_H_0001,19
complex.5_18_8_corrected_H_0001,19
complex.5_19_0_corrected_H_0001,18
complex.5_1_10_corrected_H_0001,12
complex.5_1_13_corrected_H_0001,16
complex.5_1_15_corrected_H_0001,9
complex.5_1_20_corrected_H_0001,15
complex.5_1_24_corrected_H_0001,13
complex.5_1_2_corrected_H_0001,15
complex.5_1_32_corrected_H_0001,11
complex.5_1_37_corrected_H_0001,11
complex.5_1_3_corrected_H_0001,11
complex.5_1_44_corrected_H_0001,17
complex.5_2_19_corrected_H_0001,16
complex.5_2_22_corrected_H_0001,14
complex.5_2_30_corrected_H_0001,14
complex.5_2_36_corrected_H_0001,11
complex.5_2_42_corrected_H_0001,13
complex.5_2_43_corrected_H_0001,13
complex.5_2_6_corrected_H_0001,14
complex.5_2_7_corrected_H_0001,10
complex.5_2_9_corrected_H_0001,12
complex.5_3_10_corrected_H_0001,13
complex.5_3_17_corrected_H_0001,11
complex.5_3_1_corrected_H_0001,6
complex.5_3_44_corrected_H_0001,7
complex.5_3_49_corrected_H_0001,11
complex.5_4_13_corrected_H_0001,21
complex.5_4_1_corrected_H_0001,15
complex.5_4_20_corrected_H_0001,16
complex.5_4_26_corrected_H_0001,14
complex.5_4_28_corrected_H_0001,15
complex.5_4_2_corrected_H_0001,13
complex.5_4_40_corrected_H_0001,18
complex.5_5_32_corrected_H_0001,8
complex.5_5_35_corrected_H_0001,18
complex.5_5_43_corrected_H_0001,15
complex.5_5_49_corrected_H_0001,8
complex.5_6_0_corrected_H_0001,16
complex.5_6_17_corrected_H_0001,17
complex.5_6_33_corrected_H_0001,17
complex.5_6_36_corrected_H_0001,17
complex.5_6_38_corrected_H_0001,19
complex.5_6_42_corrected_H_0001,10
complex.5_6_47_corrected_H_0001,18
complex.5_7_10_corrected_H_0001,10
complex.5_7_17_corrected_H_0001,19
complex.5_7_18_corrected_H_0001,12
complex.5_7_31_corrected_H_0001,10
complex.5_7_40_corrected_H_0001,12
complex.5_7_45_corrected_H_0001,20
complex.5_8_16_corrected_H_0001,14
complex.5_8_30_corrected_H_0001,15
complex.5_8_33_corrected_H_0001,19
complex.5_9_11_corrected_H_0001,16
complex.5_9_16_corrected_H_0001,21
complex.5_9_27_corrected_H_0001,17
complex.5_9_29_corrected_H_0001,11
complex.5_9_2_corrected_H_0001,17
complex.6_0_17_corrected_H_0001,12
complex.6_0_28_corrected_H_0001,12
complex.6_0_2_corrected_H_0001,15
complex.6_0_34_corrected_H_0001,5
complex.6_0_42_corrected_H_0001,19
complex.6_0_43_corrected_H_0001,16
complex.6_10_12_corrected_H_0001,17
complex.6_10_26_corrected_H_0001,13
complex.6_10_4_corrected_H_0001,18
complex.6_11_42_corrected_H_0001,21
complex.6_11_6_corrected_H_0001,17
complex.6_12_0_corrected_H_0001,18
complex.6_12_28_corrected_H_0001,19
complex.6_12_43_corrected_H_0001,20
complex.6_12_5_corrected_H_0001,22
complex.6_12_6_corrected_H_0001,20
complex.6_12_8_corrected_H_0001,18
complex.6_13_11_corrected_H_0001,18
complex.6_13_1_corrected_H_0001,20
complex.6_13_47_corrected_H_0001,15
complex.6_13_6_corrected_H_0001,19
complex.6_13_7_corrected_H_0001,15
complex.6_13_9_corrected_H_0001,18
complex.6_14_30_corrected_H_0001,22
complex.6_14_38_corrected_H_0001,14
complex.6_14_4_corrected_H_0001,16
complex.6_15_32_corrected_H_0001,20
complex.6_15_3_corrected_H_0001,21
complex.6_15_42_corrected_H_0001,20
complex.6_16_10_corrected_H_0001,18
complex.6_17_20_corrected_H_0001,16
complex.6_17_23_corrected_H_0001,18
complex.6_17_29_corrected_H_0001,20
complex.6_17_2_corrected_H_0001,18
complex.6_17_31_corrected_H_0001,18
complex.6_17_42_corrected_H_0001,20
complex.6_17_43_corrected_H_0001,18
complex.6_17_5_corrected_H_0001,18
complex.6_18_18_corrected_H_0001,18
complex.6_18_33_corrected_H_0001,20
complex.6_1_12_corrected_H_0001,12
complex.6_1_18_corrected_H_0001,13
complex.6_1_26_corrected_H_0001,14
complex.6_1_49_corrected_H_0001,22
complex.6_2_14_corrected_H_0001,17
complex.6_2_39_corrected_H_0001,15
complex.6_3_23_corrected_H_0001,16
complex.6_3_28_corrected_H_0001,15
complex.6_3_3_corrected_H_0001,8
complex.6_3_48_corrected_H_0001,9
complex.6_4_14_corrected_H_0001,16
complex.6_4_33_corrected_H_0001,12
complex.6_4_43_corrected_H_0001,4
complex.6_4_8_corrected_H_0001,14
complex.6_5_12_corrected_H_0001,9
complex.6_5_33_corrected_H_0001,14
complex.6_6_14_corrected_H_0001,14
complex.6_6_19_corrected_H_0001,17
complex.6_6_26_corrected_H_0001,11
complex.6_6_39_corrected_H_0001,9
complex.6_6_40_corrected_H_0001,11
complex.6_6_44_corrected_H_0001,10
complex.6_7_13_corrected_H_0001,16
complex.6_7_22_corrected_H_0001,19
complex.6_7_38_corrected_H_0001,13
complex.6_7_44_corrected_H_0001,19
complex.6_7_47_corrected_H_0001,19
complex.6_8_24_corrected_H_0001,19
complex.6_8_2_corrected_H_0001,16
complex.6_8_34_corrected_H_0001,11
complex.6_8_37_corrected_H_0001,16
complex.6_8_39_corrected_H_0001,12
complex.6_8_4_corrected_H_0001,14
complex.6_8_9_corrected_H_0001,12
complex.6_9_22_corrected_H_0001,16
complex.6_9_23_corrected_H_0001,16
complex.6_9_37_corrected_H_0001,21
complex.6_9_43_corrected_H_0001,20
complex.6_9_4_corrected_H_0001,19
complex.7_0_15_corrected_H_0001,8
complex.7_0_18_corrected_H_0001,9
complex.7_0_38_corrected_H_0001,25
complex.7_0_45_corrected_H_0001,20
complex.7_10_0_corrected_H_0001,18
complex.7_10_16_corrected_H_0001,21
complex.7_10_19_corrected_H_0001,16
complex.7_10_27_corrected_H_0001,15
complex.7_10_30_corrected_H_0001,14
complex.7_10_34_corrected_H_0001,19
complex.7_10_41_corrected_H_0001,20
complex.7_10_8_corrected_H_0001,20
complex.7_11_32_corrected_H_0001,19
complex.7_11_39_corrected_H_0001,21
complex.7_11_40_corrected_H_0001,18
complex.7_11_45_corrected_H_0001,21
complex.7_11_47_corrected_H_0001,18
complex.7_11_9_corrected_H_0001,20
complex.7_12_11_corrected_H_0001,19
complex.7_12_13_corrected_H_0001,16
complex.7_12_31_corrected_H_0001,18
complex.7_12_3_corrected_H_0001,16
complex.7_12_44_corrected_H_0001,17
complex.7_12_45_corrected_H_0001,18
complex.7_13_34_corrected_H_0001,19
complex.7_13_39_corrected_H_0001,14
complex.7_13_3_corrected_H_0001,23
complex.7_13_40_corrected_H_0001,22
complex.7_13_46_corrected_H_0001,17
complex.7_13_8_corrected_H_0001,18
complex.7_14_13_corrected_H_0001,17
complex.7_14_14_corrected_H_0001,19
complex.7_14_18_corrected_H_0001,17
complex.7_14_20_corrected_H_0001,20
complex.7_14_21_corrected_H_0001,19
complex.7_14_44_corrected_H_0001,18
complex.7_14_49_corrected_H_0001,22
complex.7_14_9_corrected_H_0001,19
complex.7_15_25_corrected_H_0001,19
complex.7_15_33_corrected_H_0001,23
complex.7_15_39_corrected_H_0001,17
complex.7_15_46_corrected_H_0001,22
complex.7_15_49_corrected_H_0001,18
complex.7_15_6_corrected_H_0001,22
complex.7_15_9_corrected_H_0001,21
complex.7_16_11_corrected_H_0001,19
complex.7_16_21_corrected_H_0001,21
complex.7_16_26_corrected_H_0001,19
complex.7_16_37_corrected_H_0001,21
complex.7_16_6_corrected_H_0001,19
complex.7_17_25_corrected_H_0001,20
complex.7_17_36_corrected_H_0001,19
complex.7_17_38_corrected_H_0001,19
complex.7_17_45_corrected_H_0001,21
complex.7_18_21_corrected_H_0001,19
complex.7_18_29_corrected_H_0001,18
complex.7_18_7_corrected_H_0001,18
complex.7_19_1_corrected_H_0001,19
complex.7_1_0_corrected_H_0001,15
complex.7_1_1_corrected_H_0001,12
complex.7_1_5_corrected_H_0001,10
complex.7_2_11_corrected_H_0001,11
complex.7_2_12_corrected_H_0001,19
complex.7_2_20_corrected_H_0001,11
complex.7_2_32_corrected_H_0001,10
complex.7_2_47_corrected_H_0001,13
complex.7_3_12_corrected_H_0001,21
complex.7_3_19_corrected_H_0001,19
complex.7_3_8_corrected_H_0001,17
complex.7_4_35_corrected_H_0001,12
complex.7_4_4_corrected_H_0001,15
complex.7_5_15_corrected_H_0001,20
complex.7_5_20_corrected_H_0001,10
complex.7_5_30_corrected_H_0001,13
complex.7_5_36_corrected_H_0001,12
complex.7_5_41_corrected_H_0001,17
complex.7_5_46_corrected_H_0001,16
complex.7_5_47_corrected_H_0001,16
complex.7_5_48_corrected_H_0001,9
complex.7_5_5_corrected_H_0001,9
complex.7_6_24_corrected_H_0001,11
complex.7_6_32_corrected_H_0001,17
complex.7_6_37_corrected_H_0001,11
complex.7_6_3_corrected_H_0001,11
complex.7_6_41_corrected_H_0001,15
complex.7_6_46_corrected_H_0001,14
complex.7_6_7_corrected_H_0001,17
complex.7_7_32_corrected_H_0001,15
complex.7_7_35_corrected_H_0001,11
complex.7_7_4_corrected_H_0001,21
complex.7_7_6_corrected_H_0001,18
complex.7_8_0_corrected_H_0001,13
complex.7_8_28_corrected_H_0001,24
complex.7_9_28_corrected_H_0001,18
complex.7_9_30_corrected_H_0001,20
complex.7_9_32_corrected_H_0001,14
complex.7_9_5_corrected_H_0001,18
complex.8_0_30_corrected_H_0001,12
complex.8_0_46_corrected_H_0001,11
complex.8_0_7_corrected_H_0001,14
complex.8_0_8_corrected_H_0001,8
complex.8_10_1_corrected_H_0001,16
complex.8_10_29_corrected_H_0001,20
complex.8_10_40_corrected_H_0001,21
complex.8_10_49_corrected_H_0001,21
complex.8_11_12_corrected_H_0001,19
complex.8_11_25_corrected_H_0001,19
complex.8_11_31_corrected_H_0001,15
complex.8_12_20_corrected_H_0001,16
complex.8_12_21_corrected_H_0001,16
complex.8_12_38_corrected_H_0001,19
complex.8_12_39_corrected_H_0001,18
complex.8_12_46_corrected_H_0001,18
complex.8_12_49_corrected_H_0001,16
complex.8_13_12_corrected_H_0001,21
complex.8_13_16_corrected_H_0001,19
complex.8_13_17_corrected_H_0001,16
complex.8_13_24_corrected_H_0001,17
complex.8_13_33_corrected_H_0001,18
complex.8_13_43_corrected_H_0001,19
complex.8_14_23_corrected_H_0001,19
complex.8_14_24_corrected_H_0001,19
complex.8_14_29_corrected_H_0001,20
complex.8_14_33_corrected_H_0001,19
complex.8_15_13_corrected_H_0001,16
complex.8_15_16_corrected_H_0001,19
complex.8_15_21_corrected_H_0001,18
complex.8_15_26_corrected_H_0001,21
complex.8_15_45_corrected_H_0001,20
complex.8_16_0_corrected_H_0001,17
complex.8_16_14_corrected_H_0001,20
complex.8_16_20_corrected_H_0001,18
complex.8_16_44_corrected_H_0001,22
complex.8_16_4_corrected_H_0001,20
complex.8_16_5_corrected_H_0001,19
complex.8_17_10_corrected_H_0001,21
complex.8_17_17_corrected_H_0001,18
complex.8_17_28_corrected_H_0001,19
complex.8_17_3_corrected_H_0001,19
complex.8_17_6_corrected_H_0001,18
complex.8_17_9_corrected_H_0001,19
complex.8_18_16_corrected_H_0001,18
complex.8_18_30_corrected_H_0001,19
complex.8_18_3_corrected_H_0001,20
complex.8_1_46_corrected_H_0001,5
complex.8_1_7_corrected_H_0001,8
complex.8_2_0_corrected_H_0001,13
complex.8_2_13_corrected_H_0001,11
complex.8_2_25_corrected_H_0001,13
complex.8_2_28_corrected_H_0001,11
complex.8_2_29_corrected_H_0001,20
complex.8_2_37_corrected_H_0001,13
complex.8_2_45_corrected_H_0001,7
complex.8_2_48_corrected_H_0001,10
complex.8_3_16_corrected_H_0001,12
complex.8_3_20_corrected_H_0001,9
complex.8_3_24_corrected_H_0001,9
complex.8_3_25_corrected_H_0001,16
complex.8_3_31_corrected_H_0001,14
complex.8_3_35_corrected_H_0001,11
complex.8_3_38_corrected_H_0001,13
complex.8_4_17_corrected_H_0001,17
complex.8_4_23_corrected_H_0001,15
complex.8_4_24_corrected_H_0001,16
complex.8_4_27_corrected_H_0001,15
complex.8_4_49_corrected_H_0001,14
complex.8_5_11_corrected_H_0001,10
complex.8_5_26_corrected_H_0001,14
complex.8_5_38_corrected_H_0001,13
complex.8_5_39_corrected_H_0001,6
complex.8_5_40_corrected_H_0001,18
complex.8_6_10_corrected_H_0001,15
complex.8_6_12_corrected_H_0001,21
complex.8_6_27_corrected_H_0001,16
complex.8_6_30_corrected_H_0001,18
complex.8_6_43_corrected_H_0001,17
complex.8_6_4_corrected_H_0001,13
complex.8_6_8_corrected_H_0001,12
complex.8_7_0_corrected_H_0001,11
complex.8_7_29_corrected_H_0001,24
complex.8_7_33_corrected_H_0001,18
complex.8_7_42_corrected_H_0001,25
complex.8_7_43_corrected_H_0001,18
complex.8_7_48_corrected_H_0001,10
complex.8_8_22_corrected_H_0001,16
complex.8_8_42_corrected_H_0001,18
complex.8_8_49_corrected_H_0001,13
complex.8_9_17_corrected_H_0001,20
complex.8_9_24_corrected_H_0001,21
complex.8_9_25_corrected_H_0001,11
complex.8_9_26_corrected_H_0001,15
complex.8_9_49_corrected_H_0001,16
complex.8_9_8_corrected_H_0001,16
complex.9_0_35_corrected_H_0001,9
complex.9_0_49_corrected_H_0001,8
complex.9_10_10_corrected_H_0001,17
complex.9_10_13_corrected_H_0001,18
complex.9_10_20_corrected_H_0001,17
complex.9_10_42_corrected_H_0001,20
complex.9_10_7_corrected_H_0001,22
complex.9_11_13_corrected_H_0001,16
complex.9_11_15_corrected_H_0001,22
complex.9_11_18_corrected_H_0001,19
complex.9_11_1_corrected_H_0001,14
complex.9_11_29_corrected_H_0001,19
complex.9_11_34_corrected_H_0001,19
complex.9_11_35_corrected_H_0001,17
complex.9_11_3_corrected_H_0001,22
complex.9_11_7_corrected_H_0001,18
complex.9_12_16_corrected_H_0001,16
complex.9_12_23_corrected_H_0001,20
complex.9_12_25_corrected_H_0001,16
complex.9_13_15_corrected_H_0001,20
complex.9_13_41_corrected_H_0001,20
complex.9_13_49_corrected_H_0001,22
complex.9_14_10_corrected_H_0001,18
complex.9_14_11_corrected_H_0001,17
complex.9_14_17_corrected_H_0001,23
complex.9_14_19_corrected_H_0001,15
complex.9_14_37_corrected_H_0001,23
complex.9_14_40_corrected_H_0001,17
complex.9_14_46_corrected_H_0001,19
complex.9_15_17_corrected_H_0001,20
complex.9_15_19_corrected_H_0001,20
complex.9_15_20_corrected_H_0001,19
complex.9_15_24_corrected_H_0001,22
complex.9_15_38_corrected_H_0001,21
complex.9_15_44_corrected_H_0001,22
complex.9_15_48_corrected_H_0001,16
complex.9_15_4_corrected_H_0001,22
complex.9_15_5_corrected_H_0001,18
complex.9_16_22_corrected_H_0001,19
complex.9_16_31_corrected_H_0001,21
complex.9_16_3_corrected_H_0001,21
complex.9_16_49_corrected_H_0001,19
complex.9_16_8_corrected_H_0001,19
complex.9_17_14_corrected_H_0001,20
complex.9_17_26_corrected_H_0001,18
complex.9_17_37_corrected_H_0001,24
complex.9_17_46_corrected_H_0001,23
complex.9_17_47_corrected_H_0001,21
complex.9_17_49_corrected_H_0001,19
complex.9_17_4_corrected_H_0001,16
complex.9_17_8_corrected_H_0001,16
complex.9_18_0_corrected_H_0001,20
complex.9_18_15_corrected_H_0001,18
complex.9_1_19_corrected_H_0001,11
complex.9_1_31_corrected_H_0001,13
complex.9_1_33_corrected_H_0001,8
complex.9_1_40_corrected_H_0001,9
complex.9_1_6_corrected_H_0001,13
complex.9_1_8_corrected_H_0001,20
complex.9_2_16_corrected_H_0001,20
complex.9_2_27_corrected_H_0001,16
complex.9_2_40_corrected_H_0001,13
complex.9_2_49_corrected_H_0001,12
complex.9_3_21_corrected_H_0001,13
complex.9_3_30_corrected_H_0001,16
complex.9_3_5_corrected_H_0001,11
complex.9_3_7_corrected_H_0001,9
complex.9_4_12_corrected_H_0001,15
complex.9_4_25_corrected_H_0001,5
complex.9_4_45_corrected_H_0001,23
complex.9_4_9_corrected_H_0001,13
complex.9_5_14_corrected_H_0001,19
complex.9_5_28_corrected_H_0001,12
complex.9_5_3_corrected_H_0001,21
complex.9_5_45_corrected_H_0001,13
complex.9_6_11_corrected_H_0001,17
complex.9_6_16_corrected_H_0001,12
complex.9_6_1_corrected_H_0001,17
complex.9_6_31_corrected_H_0001,18
complex.9_6_48_corrected_H_0001,9
complex.9_7_14_corrected_H_0001,22
complex.9_7_19_corrected_H_0001,12
complex.9_7_24_corrected_H_0001,17
complex.9_7_25_corrected_H_0001,15
complex.9_7_28_corrected_H_0001,19
complex.9_7_2_corrected_H_0001,18
complex.9_7_30_corrected_H_0001,17
complex.9_7_37_corrected_H_0001,11
complex.9_8_13_corrected_H_0001,19
complex.9_8_15_corrected_H_0001,16
complex.9_8_29_corrected_H_0001,18
complex.9_8_31_corrected_H_0001,16
complex.9_8_38_corrected_H_0001,18
complex.9_8_44_corrected_H_0001,18
complex.9_8_7_corrected_H_0001,13
complex.9_9_38_corrected_H_0001,17
complex.9_9_42_corrected_H_0001,18
complex.9_9_6_corrected_H_0001,13
complex.10015_2_corrected_H_0001,12
complex.1007_7_corrected_H_0001,10
complex.10101_8_corrected_H_0001,15
complex.10124_0_corrected_H_0001,18
complex.10164_3_corrected_H_0001,11
complex.10236_5_corrected_H_0001,12
complex.10251_4_corrected_H_0001,11
complex.10325_8_corrected_H_0001,24
complex.10330_8_corrected_H_0001,19
complex.10417_6_corrected_H_0001,9
complex.10424_9_corrected_H_0001,11
complex.10451_8_corrected_H_0001,24
complex.1046_9_corrected_H_0001,18
complex.10510_4_corrected_H_0001,21
complex.10523_0_corrected_H_0001,13
complex.10543_7_corrected_H_0001,9
complex.10546_1_corrected_H_0001,28
complex.10591_1_corrected_H_0001,17
complex.10598_6_corrected_H_0001,8
complex.10611_1_corrected_H_0001,23
complex.10656_6_corrected_H_0001,14
complex.10693_2_corrected_H_0001,10
complex.10711_7_corrected_H_0001,12
complex.10738_5_corrected_H_0001,9
complex.10902_7_corrected_H_0001,10
complex.10941_8_corrected_H_0001,8
complex.10942_4_corrected_H_0001,11
complex.10967_0_corrected_H_0001,21
complex.10987_2_corrected_H_0001,11
complex.10997_3_corrected_H_0001,13
complex.11002_2_corrected_H_0001,11
complex.11043_2_corrected_H_0001,7
complex.11082_8_corrected_H_0001,16
complex.11115_8_corrected_H_0001,11
complex.11142_4_corrected_H_0001,9
complex.11226_0_corrected_H_0001,17
complex.11238_3_corrected_H_0001,14
complex.11250_6_corrected_H_0001,11
complex.11256_3_corrected_H_0001,14
complex.11305_5_corrected_H_0001,13
complex.11312_2_corrected_H_0001,15
complex.1149_7_corrected_H_0001,12
complex.11503_5_corrected_H_0001,11
complex.11604_7_corrected_H_0001,25
complex.11613_4_corrected_H_0001,9
complex.11613_8_corrected_H_0001,14
complex.11629_2_corrected_H_0001,14
complex.11663_3_corrected_H_0001,23
complex.11751_0_corrected_H_0001,12
complex.11763_1_corrected_H_0001,11
complex.1183_4_corrected_H_0001,9
complex.11854_5_corrected_H_0001,7
complex.11881_7_corrected_H_0001,18
complex.11883_7_corrected_H_0001,8
complex.11996_3_corrected_H_0001,15
complex.12044_5_corrected_H_0001,9
complex.1218_5_corrected_H_0001,5
complex.12205_8_corrected_H_0001,11
complex.12303_8_corrected_H_0001,10
complex.12312_1_corrected_H_0001,6
complex.12318_3_corrected_H_0001,9
complex.12412_8_corrected_H_0001,12
complex.12424_1_corrected_H_0001,23
complex.1262_4_corrected_H_0001,21
complex.12675_5_corrected_H_0001,21
complex.12740_9_corrected_H_0001,17
complex.12743_5_corrected_H_0001,15
complex.12982_7_corrected_H_0001,9
complex.13195_3_corrected_H_0001,22
complex.13202_8_corrected_H_0001,13
complex.13218_5_corrected_H_0001,29
complex.13224_1_corrected_H_0001,20
complex.13258_0_corrected_H_0001,16
complex.1326_6_corrected_H_0001,16
complex.1327_1_corrected_H_0001,13
complex.1345_7_corrected_H_0001,20
complex.13471_0_corrected_H_0001,15
complex.13491_5_corrected_H_0001,10
complex.13535_6_corrected_H_0001,8
complex.13682_3_corrected_H_0001,11
complex.13733_0_corrected_H_0001,10
complex.13774_5_corrected_H_0001,12
complex.13861_4_corrected_H_0001,11
complex.13912_7_corrected_H_0001,18
complex.13968_8_corrected_H_0001,18
complex.14009_2_corrected_H_0001,14
complex.14046_8_corrected_H_0001,11
complex.14102_5_corrected_H_0001,14
complex.14221_6_corrected_H_0001,18
complex.14274_6_corrected_H_0001,15
complex.14342_9_corrected_H_0001,26
complex.14420_5_corrected_H_0001,12
complex.14521_5_corrected_H_0001,12
complex.1452_4_corrected_H_0001,23
complex.14566_1_corrected_H_0001,14
complex.14573_0_corrected_H_0001,19
complex.14574_3_corrected_H_0001,10
complex.14604_0_corrected_H_0001,7
complex.14653_1_corrected_H_0001,11
complex.14662_9_corrected_H_0001,12
complex.1478_3_corrected_H_0001,14
complex.15014_1_corrected_H_0001,16
complex.15051_6_corrected_H_0001,16
complex.15071_2_corrected_H_0001,13
complex.15096_2_corrected_H_0001,15
complex.15112_6_corrected_H_0001,16
complex.15210_5_corrected_H_0001,14
complex.15261_5_corrected_H_0001,16
complex.1527_9_corrected_H_0001,20
complex.15318_3_corrected_H_0001,12
complex.15348_9_corrected_H_0001,12
complex.15405_3_corrected_H_0001,10
complex.15467_5_corrected_H_0001,9
complex.1547_2_corrected_H_0001,8
complex.15498_5_corrected_H_0001,12
complex.1550_9_corrected_H_0001,13
complex.15592_5_corrected_H_0001,18
complex.155_9_corrected_H_0001,13
complex.15617_3_corrected_H_0001,8
complex.15643_1_corrected_H_0001,18
complex.15643_2_corrected_H_0001,12
complex.15650_6_corrected_H_0001,9
complex.15835_1_corrected_H_0001,10
complex.15915_2_corrected_H_0001,17
complex.15954_5_corrected_H_0001,7
complex.15959_6_corrected_H_0001,14
complex.15967_1_corrected_H_0001,12
complex.16025_0_corrected_H_0001,8
complex.16026_5_corrected_H_0001,14
complex.16082_5_corrected_H_0001,10
complex.1630_4_corrected_H_0001,24
complex.16329_3_corrected_H_0001,16
complex.1632_4_corrected_H_0001,15
complex.16376_2_corrected_H_0001,6
complex.1644_0_corrected_H_0001,15
complex.16454_4_corrected_H_0001,14
complex.16465_0_corrected_H_0001,16
complex.1660_8_corrected_H_0001,14
complex.16614_9_corrected_H_0001,21
complex.16630_2_corrected_H_0001,24
complex.16653_6_corrected_H_0001,11
complex.16661_4_corrected_H_0001,10
complex.16748_0_corrected_H_0001,13
complex.16762_9_corrected_H_0001,11
complex.16765_7_corrected_H_0001,12
complex.16769_1_corrected_H_0001,13
complex.16853_6_corrected_H_0001,13
complex.16892_2_corrected_H_0001,12
complex.16900_3_corrected_H_0001,19
complex.16945_7_corrected_H_0001,27
complex.16969_3_corrected_H_0001,11
complex.1702_5_corrected_H_0001,21
complex.17031_5_corrected_H_0001,12
complex.17082_9_corrected_H_0001,19
complex.17098_7_corrected_H_0001,22
complex.1713_4_corrected_H_0001,12
complex.17182_8_corrected_H_0001,19
complex.17281_3_corrected_H_0001,10
complex.17284_2_corrected_H_0001,14
complex.1736_0_corrected_H_0001,9
complex.17423_6_corrected_H_0001,15
complex.17475_9_corrected_H_0001,6
complex.17488_2_corrected_H_0001,10
complex.17532_1_corrected_H_0001,11
complex.17539_6_corrected_H_0001,9
complex.17542_0_corrected_H_0001,10
complex.17550_7_corrected_H_0001,10
complex.17555_5_corrected_H_0001,20
complex.17581_4_corrected_H_0001,9
complex.175_4_corrected_H_0001,22
complex.17676_0_corrected_H_0001,16
complex.17676_1_corrected_H_0001,16
complex.17725_1_corrected_H_0001,12
complex.17728_4_corrected_H_0001,21
complex.17729_1_corrected_H_0001,17
complex.17819_1_corrected_H_0001,12
complex.17869_4_corrected_H_0001,9
complex.17891_6_corrected_H_0001,11
complex.17963_1_corrected_H_0001,12
complex.17965_8_corrected_H_0001,10
complex.17973_1_corrected_H_0001,12
complex.18037_3_corrected_H_0001,8
complex.18069_8_corrected_H_0001,7
complex.18073_9_corrected_H_0001,8
complex.18082_4_corrected_H_0001,6
complex.18100_1_corrected_H_0001,10
complex.18160_6_corrected_H_0001,15
complex.18439_5_corrected_H_0001,6
complex.18484_9_corrected_H_0001,12
complex.18500_4_corrected_H_0001,16
complex.18564_8_corrected_H_0001,12
complex.1866_5_corrected_H_0001,14
complex.18682_6_corrected_H_0001,14
complex.18694_8_corrected_H_0001,16
complex.18710_8_corrected_H_0001,24
complex.18719_3_corrected_H_0001,12
complex.18744_6_corrected_H_0001,15
complex.18795_7_corrected_H_0001,22
complex.18920_2_corrected_H_0001,14
complex.18951_4_corrected_H_0001,8
complex.18990_6_corrected_H_0001,11
complex.19153_5_corrected_H_0001,21
complex.19225_9_corrected_H_0001,16
complex.19316_8_corrected_H_0001,2
complex.1938_8_corrected_H_0001,24
complex.19422_4_corrected_H_0001,17
complex.19434_0_corrected_H_0001,12
complex.19470_9_corrected_H_0001,7
complex.19546_4_corrected_H_0001,13
complex.19559_5_corrected_H_0001,8
complex.19625_8_corrected_H_0001,12
complex.19682_3_corrected_H_0001,16
complex.19795_9_corrected_H_0001,10
complex.19809_6_corrected_H_0001,15
complex.19814_7_corrected_H_0001,14
complex.19849_8_corrected_H_0001,17
complex.19857_7_corrected_H_0001,20
complex.20012_5_corrected_H_0001,15
complex.20021_1_corrected_H_0001,14
complex.20041_9_corrected_H_0001,18
complex.20152_8_corrected_H_0001,15
complex.20450_5_corrected_H_0001,7
complex.20456_2_corrected_H_0001,14
complex.20458_9_corrected_H_0001,17
complex.20476_9_corrected_H_0001,16
complex.20536_0_corrected_H_0001,15
complex.20540_5_corrected_H_0001,11
complex.20556_1_corrected_H_0001,15
complex.20578_6_corrected_H_0001,7
complex.20602_4_corrected_H_0001,9
complex.20629_1_corrected_H_0001,10
complex.20679_0_corrected_H_0001,12
complex.2067_5_corrected_H_0001,18
complex.20725_8_corrected_H_0001,17
complex.20809_1_corrected_H_0001,13
complex.2092_0_corrected_H_0001,16
complex.20985_5_corrected_H_0001,12
complex.21026_1_corrected_H_0001,14
complex.21076_9_corrected_H_0001,9
complex.2108_6_corrected_H_0001,12
complex.21300_5_corrected_H_0001,14
complex.21329_9_corrected_H_0001,17
complex.2141_7_corrected_H_0001,13
complex.21540_0_corrected_H_0001,11
complex.21560_2_corrected_H_0001,8
complex.21615_4_corrected_H_0001,13
complex.21618_1_corrected_H_0001,13
complex.21681_5_corrected_H_0001,14
complex.21766_9_corrected_H_0001,12
complex.21773_6_corrected_H_0001,12
complex.21775_0_corrected_H_0001,6
complex.21807_3_corrected_H_0001,12
complex.21878_3_corrected_H_0001,12
complex.21889_9_corrected_H_0001,16
complex.21906_4_corrected_H_0001,9
complex.21924_0_corrected_H_0001,12
complex.21935_6_corrected_H_0001,19
complex.22006_0_corrected_H_0001,10
complex.22023_5_corrected_H_0001,19
complex.22078_2_corrected_H_0001,6
complex.22083_8_corrected_H_0001,12
complex.22256_9_corrected_H_0001,7
complex.22261_9_corrected_H_0001,9
complex.22282_3_corrected_H_0001,12
complex.22342_0_corrected_H_0001,9
complex.2234_5_corrected_H_0001,19
complex.22400_2_corrected_H_0001,10
complex.22420_4_corrected_H_0001,17
complex.22466_6_corrected_H_0001,15
complex.22469_6_corrected_H_0001,11
complex.22559_1_corrected_H_0001,11
complex.22592_7_corrected_H_0001,20
complex.22629_2_corrected_H_0001,11
complex.22665_9_corrected_H_0001,13
complex.22701_9_corrected_H_0001,12
complex.22740_0_corrected_H_0001,4
complex.22748_6_corrected_H_0001,19
complex.22792_3_corrected_H_0001,9
complex.22811_9_corrected_H_0001,12
complex.22882_2_corrected_H_0001,11
complex.22910_5_corrected_H_0001,10
complex.23039_2_corrected_H_0001,16
complex.23068_2_corrected_H_0001,9
complex.23103_6_corrected_H_0001,21
complex.23131_7_corrected_H_0001,10
complex.23161_7_corrected_H_0001,13
complex.23194_0_corrected_H_0001,11
complex.23194_3_corrected_H_0001,13
complex.23202_4_corrected_H_0001,17
complex.23238_9_corrected_H_0001,12
complex.23247_6_corrected_H_0001,13
complex.23410_4_corrected_H_0001,12
complex.23496_5_corrected_H_0001,9
complex.23636_8_corrected_H_0001,13
complex.23699_5_corrected_H_0001,6
complex.23710_7_corrected_H_0001,6
complex.23808_2_corrected_H_0001,8
complex.23822_8_corrected_H_0001,15
complex.23876_1_corrected_H_0001,16
complex.24049_9_corrected_H_0001,15
complex.24136_8_corrected_H_0001,18
complex.24229_6_corrected_H_0001,10
complex.24283_1_corrected_H_0001,13
complex.2434_6_corrected_H_0001,8
complex.24448_4_corrected_H_0001,11
complex.24632_1_corrected_H_0001,18
complex.24634_6_corrected_H_0001,15
complex.24862_7_corrected_H_0001,16
complex.24866_8_corrected_H_0001,7
complex.24953_1_corrected_H_0001,21
complex.24956_2_corrected_H_0001,10
complex.24960_0_corrected_H_0001,19
complex.25121_9_corrected_H_0001,24
complex.25182_2_corrected_H_0001,10
complex.2523_6_corrected_H_0001,17
complex.25260_0_corrected_H_0001,14
complex.25440_3_corrected_H_0001,16
complex.25861_6_corrected_H_0001,12
complex.25_8_corrected_H_0001,19
complex.2606_9_corrected_H_0001,11
complex.26126_4_corrected_H_0001,9
complex.26248_7_corrected_H_0001,15
complex.2624_6_corrected_H_0001,13
complex.26255_1_corrected_H_0001,12
complex.26283_2_corrected_H_0001,18
complex.26354_7_corrected_H_0001,11
complex.26356_7_corrected_H_0001,18
complex.26366_1_corrected_H_0001,13
complex.26391_7_corrected_H_0001,6
complex.26406_3_corrected_H_0001,21
complex.26445_2_corrected_H_0001,12
complex.26454_5_corrected_H_0001,12
complex.26506_7_corrected_H_0001,14
complex.26508_2_corrected_H_0001,11
complex.26576_3_corrected_H_0001,14
complex.26608_8_corrected_H_0001,18
complex.26726_9_corrected_H_0001,12
complex.26800_8_corrected_H_0001,11
complex.26817_9_corrected_H_0001,11
complex.26886_9_corrected_H_0001,22
complex.26914_7_corrected_H_0001,20
complex.27046_8_corrected_H_0001,14
complex.27063_0_corrected_H_0001,14
complex.27165_8_corrected_H_0001,13
complex.27173_7_corrected_H_0001,16
complex.27197_9_corrected_H_0001,6
complex.27473_7_corrected_H_0001,16
complex.27559_1_corrected_H_0001,15
complex.27633_8_corrected_H_0001,7
complex.27659_1_corrected_H_0001,15
complex.27662_9_corrected_H_0001,13
complex.27664_8_corrected_H_0001,10
complex.27769_3_corrected_H_0001,6
complex.27775_6_corrected_H_0001,17
complex.27810_4_corrected_H_0001,20
complex.27886_9_corrected_H_0001,10
complex.27908_2_corrected_H_0001,10
complex.27945_7_corrected_H_0001,15
complex.2794_0_corrected_H_0001,10
complex.27977_2_corrected_H_0001,14
complex.27978_0_corrected_H_0001,16
complex.27991_6_corrected_H_0001,7
complex.28022_2_corrected_H_0001,13
complex.2809_8_corrected_H_0001,13
complex.28122_9_corrected_H_0001,21
complex.28178_8_corrected_H_0001,15
complex.2820_1_corrected_H_0001,13
complex.28372_7_corrected_H_0001,6
complex.28374_4_corrected_H_0001,11
complex.2841_5_corrected_H_0001,12
complex.28506_9_corrected_H_0001,10
complex.28526_5_corrected_H_0001,12
complex.28534_2_corrected_H_0001,9
complex.28557_3_corrected_H_0001,10
complex.28569_3_corrected_H_0001,18
complex.28591_2_corrected_H_0001,15
complex.28871_0_corrected_H_0001,7
complex.28889_4_corrected_H_0001,20
complex.28926_0_corrected_H_0001,15
complex.28962_4_corrected_H_0001,21
complex.28979_7_corrected_H_0001,13
complex.29023_3_corrected_H_0001,10
complex.29154_4_corrected_H_0001,16
complex.29168_0_corrected_H_0001,7
complex.2920_2_corrected_H_0001,16
complex.29243_6_corrected_H_0001,23
complex.29245_6_corrected_H_0001,10
complex.29251_7_corrected_H_0001,10
complex.29319_6_corrected_H_0001,18
complex.29354_2_corrected_H_0001,11
complex.29445_5_corrected_H_0001,16
complex.29473_8_corrected_H_0001,8
complex.29512_8_corrected_H_0001,10
complex.29587_7_corrected_H_0001,7
complex.29677_5_corrected_H_0001,4
complex.29705_0_corrected_H_0001,15
complex.29831_1_corrected_H_0001,13
complex.29847_4_corrected_H_0001,11
complex.29850_9_corrected_H_0001,10
complex.29887_2_corrected_H_0001,8
complex.298_7_corrected_H_0001,26
complex.29902_4_corrected_H_0001,20
complex.29912_5_corrected_H_0001,13
complex.29944_8_corrected_H_0001,7
complex.30026_4_corrected_H_0001,7
complex.30062_5_corrected_H_0001,11
complex.30162_3_corrected_H_0001,13
complex.30172_5_corrected_H_0001,14
complex.30188_9_corrected_H_0001,8
complex.30267_7_corrected_H_0001,18
complex.30273_4_corrected_H_0001,17
complex.30289_0_corrected_H_0001,17
complex.30317_9_corrected_H_0001,9
complex.30466_3_corrected_H_0001,15
complex.30595_2_corrected_H_0001,17
complex.30632_1_corrected_H_0001,8
complex.30774_6_corrected_H_0001,7
complex.30871_7_corrected_H_0001,18
complex.30895_5_corrected_H_0001,9
complex.30918_9_corrected_H_0001,5
complex.30971_2_corrected_H_0001,9
complex.31158_5_corrected_H_0001,5
complex.31177_6_corrected_H_0001,6
complex.31244_8_corrected_H_0001,3
complex.31261_1_corrected_H_0001,14
complex.31278_2_corrected_H_0001,13
complex.31332_0_corrected_H_0001,18
complex.3134_4_corrected_H_0001,17
complex.31383_5_corrected_H_0001,12
complex.31430_2_corrected_H_0001,13
complex.31453_0_corrected_H_0001,22
complex.31472_0_corrected_H_0001,9
complex.31530_1_corrected_H_0001,15
complex.31551_9_corrected_H_0001,13
complex.31568_1_corrected_H_0001,11
complex.31622_7_corrected_H_0001,10
complex.31625_9_corrected_H_0001,20
complex.31697_9_corrected_H_0001,15
complex.31711_3_corrected_H_0001,11
complex.31712_1_corrected_H_0001,8
complex.31750_6_corrected_H_0001,11
complex.31752_7_corrected_H_0001,9
complex.31764_4_corrected_H_0001,12
complex.31819_2_corrected_H_0001,16
complex.31825_4_corrected_H_0001,17
complex.3183_4_corrected_H_0001,11
complex.31900_0_corrected_H_0001,12
complex.31906_1_corrected_H_0001,9
complex.31956_0_corrected_H_0001,4
complex.31957_7_corrected_H_0001,7
complex.31978_6_corrected_H_0001,9
complex.32015_2_corrected_H_0001,19
complex.32023_6_corrected_H_0001,13
complex.32024_6_corrected_H_0001,10
complex.32184_7_corrected_H_0001,7
complex.32189_9_corrected_H_0001,13
complex.32378_7_corrected_H_0001,9
complex.32577_0_corrected_H_0001,10
complex.32613_8_corrected_H_0001,7
complex.32677_8_corrected_H_0001,15
complex.32695_9_corrected_H_0001,9
complex.32816_6_corrected_H_0001,16
complex.32851_9_corrected_H_0001,10
complex.33093_9_corrected_H_0001,15
complex.33121_6_corrected_H_0001,11
complex.33138_0_corrected_H_0001,15
complex.33165_7_corrected_H_0001,12
complex.33294_0_corrected_H_0001,13
complex.33395_6_corrected_H_0001,14
complex.33408_4_corrected_H_0001,15
complex.33410_8_corrected_H_0001,8
complex.33420_5_corrected_H_0001,12
complex.33479_5_corrected_H_0001,15
complex.33507_0_corrected_H_0001,9
complex.33575_3_corrected_H_0001,9
complex.33597_1_corrected_H_0001,11
complex.33600_3_corrected_H_0001,11
complex.3372_8_corrected_H_0001,17
complex.33762_4_corrected_H_0001,10
complex.33968_0_corrected_H_0001,11
complex.34011_6_corrected_H_0001,13
complex.34080_0_corrected_H_0001,8
complex.34089_6_corrected_H_0001,8
complex.34213_1_corrected_H_0001,5
complex.34326_9_corrected_H_0001,3
complex.34360_7_corrected_H_0001,20
complex.3436_2_corrected_H_0001,22
complex.34401_0_corrected_H_0001,10
complex.34426_5_corrected_H_0001,5
complex.34491_2_corrected_H_0001,14
complex.34559_0_corrected_H_0001,9
complex.34588_2_corrected_H_0001,15
complex.34632_8_corrected_H_0001,9
complex.34658_2_corrected_H_0001,20
complex.34691_1_corrected_H_0001,14
complex.34736_2_corrected_H_0001,15
complex.34809_1_corrected_H_0001,13
complex.34863_0_corrected_H_0001,13
complex.34912_5_corrected_H_0001,13
complex.3492_3_corrected_H_0001,18
complex.34936_8_corrected_H_0001,7
complex.34956_8_corrected_H_0001,9
complex.35036_2_corrected_H_0001,16
complex.35120_5_corrected_H_0001,11
complex.35124_8_corrected_H_0001,14
complex.35148_8_corrected_H_0001,11
complex.35250_2_corrected_H_0001,13
complex.352_1_corrected_H_0001,13
complex.35317_0_corrected_H_0001,10
complex.35358_9_corrected_H_0001,13
complex.35404_7_corrected_H_0001,1
complex.35557_9_corrected_H_0001,10
complex.35572_3_corrected_H_0001,8
complex.35636_9_corrected_H_0001,8
complex.35668_4_corrected_H_0001,8
complex.35791_8_corrected_H_0001,7
complex.35810_8_corrected_H_0001,11
complex.35826_9_corrected_H_0001,10
complex.35988_1_corrected_H_0001,13
complex.35998_5_corrected_H_0001,23
complex.35999_2_corrected_H_0001,8
complex.36009_5_corrected_H_0001,14
complex.36210_5_corrected_H_0001,12
complex.36221_6_corrected_H_0001,10
complex.36234_6_corrected_H_0001,11
complex.36300_0_corrected_H_0001,12
complex.36375_1_corrected_H_0001,8
complex.36536_9_corrected_H_0001,10
complex.36539_6_corrected_H_0001,12
complex.3653_6_corrected_H_0001,14
complex.36588_6_corrected_H_0001,10
complex.36654_6_corrected_H_0001,17
complex.36721_2_corrected_H_0001,10
complex.36777_9_corrected_H_0001,22
complex.36804_8_corrected_H_0001,11
complex.36868_4_corrected_H_0001,12
complex.36894_1_corrected_H_0001,7
complex.36914_6_corrected_H_0001,20
complex.36968_5_corrected_H_0001,12
complex.37084_7_corrected_H_0001,9
complex.37107_2_corrected_H_0001,10
complex.37268_6_corrected_H_0001,9
complex.37384_1_corrected_H_0001,13
complex.37392_6_corrected_H_0001,14
complex.37401_8_corrected_H_0001,10
complex.37487_2_corrected_H_0001,5
complex.37518_6_corrected_H_0001,14
complex.37528_7_corrected_H_0001,21
complex.37570_2_corrected_H_0001,11
complex.37575_5_corrected_H_0001,11
complex.37666_9_corrected_H_0001,13
complex.37679_2_corrected_H_0001,9
complex.37732_2_corrected_H_0001,20
complex.3779_3_corrected_H_0001,19
complex.37813_0_corrected_H_0001,13
complex.37816_6_corrected_H_0001,10
complex.37852_1_corrected_H_0001,8
complex.37866_6_corrected_H_0001,11
complex.37890_7_corrected_H_0001,7
complex.37899_7_corrected_H_0001,13
complex.37920_9_corrected_H_0001,8
complex.38056_1_corrected_H_0001,4
complex.38092_9_corrected_H_0001,6
complex.380_5_corrected_H_0001,14
complex.38136_8_corrected_H_0001,10
complex.38170_8_corrected_H_0001,10
complex.38303_2_corrected_H_0001,21
complex.38306_1_corrected_H_0001,8
complex.38312_6_corrected_H_0001,10
complex.38325_4_corrected_H_0001,8
complex.38368_3_corrected_H_0001,7
complex.38375_4_corrected_H_0001,10
complex.38452_6_corrected_H_0001,10
complex.38470_7_corrected_H_0001,6
complex.38599_2_corrected_H_0001,20
complex.3863_6_corrected_H_0001,12
complex.38683_2_corrected_H_0001,9
complex.3876_5_corrected_H_0001,13
complex.3880_5_corrected_H_0001,13
complex.38836_6_corrected_H_0001,25
complex.3884_1_corrected_H_0001,12
complex.38853_8_corrected_H_0001,7
complex.38911_2_corrected_H_0001,9
complex.38981_4_corrected_H_0001,13
complex.39023_5_corrected_H_0001,19
complex.39056_1_corrected_H_0001,13
complex.39074_9_corrected_H_0001,5
complex.39081_3_corrected_H_0001,17
complex.39121_2_corrected_H_0001,17
complex.39121_3_corrected_H_0001,16
complex.39229_3_corrected_H_0001,12
complex.39251_6_corrected_H_0001,5
complex.39266_3_corrected_H_0001,15
complex.39290_0_corrected_H_0001,15
complex.39298_7_corrected_H_0001,17
complex.39375_9_corrected_H_0001,13
complex.39399_0_corrected_H_0001,8
complex.39544_3_corrected_H_0001,13
complex.3956_0_corrected_H_0001,16
complex.39570_1_corrected_H_0001,11
complex.39587_0_corrected_H_0001,7
complex.3958_9_corrected_H_0001,15
complex.39616_6_corrected_H_0001,10
complex.39665_7_corrected_H_0001,10
complex.39679_4_corrected_H_0001,12
complex.39760_3_corrected_H_0001,11
complex.39772_8_corrected_H_0001,11
complex.39781_4_corrected_H_0001,16
complex.39809_6_corrected_H_0001,12
complex.39813_7_corrected_H_0001,13
complex.39880_3_corrected_H_0001,10
complex.39892_4_corrected_H_0001,3
complex.39896_3_corrected_H_0001,10
complex.39918_2_corrected_H_0001,13
complex.40094_0_corrected_H_0001,15
complex.40189_4_corrected_H_0001,11
complex.40206_6_corrected_H_0001,11
complex.40226_2_corrected_H_0001,23
complex.40256_1_corrected_H_0001,10
complex.40337_2_corrected_H_0001,16
complex.40350_3_corrected_H_0001,13
complex.40447_2_corrected_H_0001,14
complex.40476_2_corrected_H_0001,7
complex.40534_6_corrected_H_0001,14
complex.40559_9_corrected_H_0001,20
complex.40652_8_corrected_H_0001,8
complex.40653_5_corrected_H_0001,9
complex.40822_9_corrected_H_0001,14
complex.40935_5_corrected_H_0001,23
complex.40948_9_corrected_H_0001,16
complex.40974_8_corrected_H_0001,15
complex.40982_9_corrected_H_0001,12
complex.40993_8_corrected_H_0001,9
complex.41062_2_corrected_H_0001,13
complex.41091_2_corrected_H_0001,10
complex.41133_4_corrected_H_0001,12
complex.41240_0_corrected_H_0001,22
complex.41262_4_corrected_H_0001,12
complex.41266_5_corrected_H_0001,6
complex.41401_2_corrected_H_0001,19
complex.41404_3_corrected_H_0001,18
complex.41414_2_corrected_H_0001,9
complex.41419_1_corrected_H_0001,15
complex.41472_7_corrected_H_0001,11
complex.4160_2_corrected_H_0001,12
complex.41637_8_corrected_H_0001,3
complex.41653_9_corrected_H_0001,16
complex.41696_1_corrected_H_0001,11
complex.41785_1_corrected_H_0001,11
complex.41924_8_corrected_H_0001,7
complex.4192_9_corrected_H_0001,18
complex.41962_2_corrected_H_0001,12
complex.42007_2_corrected_H_0001,9
complex.4204_0_corrected_H_0001,15
complex.42086_5_corrected_H_0001,16
complex.42208_5_corrected_H_0001,12
complex.42349_6_corrected_H_0001,9
complex.42406_6_corrected_H_0001,12
complex.4255_8_corrected_H_0001,24
complex.42562_4_corrected_H_0001,6
complex.42586_1_corrected_H_0001,9
complex.42742_3_corrected_H_0001,13
complex.42745_1_corrected_H_0001,3
complex.42784_3_corrected_H_0001,11
complex.42787_2_corrected_H_0001,12
complex.42831_0_corrected_H_0001,16
complex.42841_6_corrected_H_0001,5
complex.42889_4_corrected_H_0001,7
complex.42968_2_corrected_H_0001,17
complex.42997_2_corrected_H_0001,13
complex.4314_0_corrected_H_0001,10
complex.43171_9_corrected_H_0001,7
complex.43225_3_corrected_H_0001,9
complex.4329_2_corrected_H_0001,20
complex.43306_6_corrected_H_0001,7
complex.43324_6_corrected_H_0001,6
complex.43366_2_corrected_H_0001,8
complex.43388_0_corrected_H_0001,5
complex.43439_3_corrected_H_0001,13
complex.43443_9_corrected_H_0001,11
complex.43465_2_corrected_H_0001,10
complex.43474_7_corrected_H_0001,5
complex.43533_6_corrected_H_0001,18
complex.43537_7_corrected_H_0001,12
complex.43570_6_corrected_H_0001,11
complex.43715_2_corrected_H_0001,13
complex.43828_1_corrected_H_0001,8
complex.43970_9_corrected_H_0001,4
complex.43985_1_corrected_H_0001,9
complex.44028_9_corrected_H_0001,13
complex.44200_6_corrected_H_0001,8
complex.4425_2_corrected_H_0001,13
complex.44262_1_corrected_H_0001,10
complex.44263_5_corrected_H_0001,12
complex.44301_4_corrected_H_0001,10
complex.44368_8_corrected_H_0001,11
complex.44388_7_corrected_H_0001,15
complex.44398_8_corrected_H_0001,8
complex.44614_5_corrected_H_0001,9
complex.4475_9_corrected_H_0001,10
complex.4480_1_corrected_H_0001,10
complex.44919_3_corrected_H_0001,11
complex.44_6_corrected_H_0001,21
complex.45039_5_corrected_H_0001,14
complex.45101_4_corrected_H_0001,18
complex.45141_0_corrected_H_0001,5
complex.45161_2_corrected_H_0001,17
complex.45194_4_corrected_H_0001,16
complex.45346_5_corrected_H_0001,12
complex.4539_9_corrected_H_0001,17
complex.45432_4_corrected_H_0001,9
complex.45466_6_corrected_H_0001,18
complex.45508_3_corrected_H_0001,9
complex.45606_7_corrected_H_0001,15
complex.45613_9_corrected_H_0001,16
complex.45632_4_corrected_H_0001,19
complex.45709_4_corrected_H_0001,12
complex.45740_8_corrected_H_0001,20
complex.45758_6_corrected_H_0001,12
complex.45770_0_corrected_H_0001,19
complex.45804_0_corrected_H_0001,13
complex.45886_4_corrected_H_0001,6
complex.45930_4_corrected_H_0001,4
complex.46110_4_corrected_H_0001,6
complex.46123_2_corrected_H_0001,12
complex.46124_6_corrected_H_0001,12
complex.46125_6_corrected_H_0001,14
complex.46284_1_corrected_H_0001,19
complex.46304_5_corrected_H_0001,11
complex.46474_5_corrected_H_0001,7
complex.46508_6_corrected_H_0001,11
complex.46600_6_corrected_H_0001,9
complex.4663_9_corrected_H_0001,12
complex.46648_4_corrected_H_0001,10
complex.4667_1_corrected_H_0001,18
complex.46731_8_corrected_H_0001,10
complex.46762_4_corrected_H_0001,11
complex.46775_4_corrected_H_0001,8
complex.46777_3_corrected_H_0001,12
complex.46843_0_corrected_H_0001,8
complex.46858_1_corrected_H_0001,12
complex.46947_8_corrected_H_0001,9
complex.46961_3_corrected_H_0001,15
complex.47028_1_corrected_H_0001,4
complex.47112_8_corrected_H_0001,16
complex.47260_5_corrected_H_0001,9
complex.47277_1_corrected_H_0001,12
complex.47287_2_corrected_H_0001,10
complex.4741_5_corrected_H_0001,14
complex.47420_7_corrected_H_0001,8
complex.47451_7_corrected_H_0001,12
complex.47456_4_corrected_H_0001,5
complex.47533_1_corrected_H_0001,14
complex.4757_2_corrected_H_0001,19
complex.4759_3_corrected_H_0001,26
complex.47646_6_corrected_H_0001,8
complex.47672_8_corrected_H_0001,14
complex.4769_1_corrected_H_0001,22
complex.47701_1_corrected_H_0001,10
complex.47717_5_corrected_H_0001,6
complex.47747_9_corrected_H_0001,8
complex.4774_1_corrected_H_0001,12
complex.4774_7_corrected_H_0001,26
complex.47762_2_corrected_H_0001,10
complex.47768_8_corrected_H_0001,10
complex.47963_6_corrected_H_0001,10
complex.47985_8_corrected_H_0001,12
complex.48000_0_corrected_H_0001,11
complex.48058_5_corrected_H_0001,6
complex.48062_9_corrected_H_0001,13
complex.4809_9_corrected_H_0001,23
complex.48112_2_corrected_H_0001,21
complex.48149_6_corrected_H_0001,6
complex.48179_6_corrected_H_0001,16
complex.48209_1_corrected_H_0001,13
complex.48231_0_corrected_H_0001,7
complex.48232_9_corrected_H_0001,14
complex.48283_0_corrected_H_0001,13
complex.48337_6_corrected_H_0001,13
complex.48393_7_corrected_H_0001,8
complex.48434_3_corrected_H_0001,8
complex.48448_8_corrected_H_0001,7
complex.48486_5_corrected_H_0001,22
complex.48570_3_corrected_H_0001,14
complex.48585_7_corrected_H_0001,6
complex.48587_0_corrected_H_0001,10
complex.48592_9_corrected_H_0001,11
complex.4861_8_corrected_H_0001,18
complex.48648_1_corrected_H_0001,12
complex.48654_6_corrected_H_0001,9
complex.48664_5_corrected_H_0001,8
complex.48674_9_corrected_H_0001,14
complex.48687_7_corrected_H_0001,8
complex.48735_5_corrected_H_0001,8
complex.48762_7_corrected_H_0001,12
complex.4878_0_corrected_H_0001,9
complex.48796_0_corrected_H_0001,21
complex.48822_3_corrected_H_0001,11
complex.48840_7_corrected_H_0001,15
complex.48845_1_corrected_H_0001,10
complex.48879_7_corrected_H_0001,5
complex.48891_3_corrected_H_0001,6
complex.48982_9_corrected_H_0001,8
complex.49038_6_corrected_H_0001,12
complex.49056_6_corrected_H_0001,15
complex.49110_6_corrected_H_0001,12
complex.49146_2_corrected_H_0001,8
complex.49195_8_corrected_H_0001,8
complex.49226_1_corrected_H_0001,7
complex.49412_9_corrected_H_0001,15
complex.49413_5_corrected_H_0001,9
complex.49453_7_corrected_H_0001,9
complex.49587_1_corrected_H_0001,15
complex.49611_2_corrected_H_0001,17
complex.49617_8_corrected_H_0001,24
complex.49618_5_corrected_H_0001,14
complex.49700_8_corrected_H_0001,9
complex.49835_9_corrected_H_0001,10
complex.4995_0_corrected_H_0001,24
complex.49975_5_corrected_H_0001,10
complex.50036_5_corrected_H_0001,8
complex.50303_0_corrected_H_0001,13
complex.50317_3_corrected_H_0001,10
complex.50339_2_corrected_H_0001,19
complex.50420_4_corrected_H_0001,13
complex.50430_5_corrected_H_0001,14
complex.5044_9_corrected_H_0001,13
complex.50465_9_corrected_H_0001,14
complex.50472_0_corrected_H_0001,8
complex.50496_3_corrected_H_0001,8
complex.50505_5_corrected_H_0001,12
complex.50565_1_corrected_H_0001,7
complex.50613_8_corrected_H_0001,16
complex.50619_2_corrected_H_0001,11
complex.50633_9_corrected_H_0001,9
complex.50658_1_corrected_H_0001,17
complex.50675_7_corrected_H_0001,7
complex.50675_9_corrected_H_0001,11
complex.50854_0_corrected_H_0001,10
complex.50873_8_corrected_H_0001,14
complex.50921_3_corrected_H_0001,9
complex.50942_5_corrected_H_0001,13
complex.50968_1_corrected_H_0001,14
complex.50981_5_corrected_H_0001,12
complex.51059_5_corrected_H_0001,16
complex.51072_6_corrected_H_0001,21
complex.5111_3_corrected_H_0001,16
complex.51121_1_corrected_H_0001,8
complex.51205_0_corrected_H_0001,11
complex.51301_0_corrected_H_0001,15
complex.51316_7_corrected_H_0001,9
complex.51336_2_corrected_H_0001,14
complex.5133_7_corrected_H_0001,19
complex.51389_3_corrected_H_0001,10
complex.51436_6_corrected_H_0001,4
complex.51451_9_corrected_H_0001,9
complex.51463_0_corrected_H_0001,16
complex.5176_6_corrected_H_0001,15
complex.51857_0_corrected_H_0001,10
complex.51907_5_corrected_H_0001,15
complex.51927_1_corrected_H_0001,13
complex.51939_8_corrected_H_0001,7
complex.52098_7_corrected_H_0001,11
complex.52197_9_corrected_H_0001,11
complex.52237_9_corrected_H_0001,15
complex.52249_4_corrected_H_0001,10
complex.5228_3_corrected_H_0001,11
complex.52310_4_corrected_H_0001,6
complex.52317_4_corrected_H_0001,9
complex.5235_7_corrected_H_0001,12
complex.52453_3_corrected_H_0001,9
complex.52538_6_corrected_H_0001,18
complex.52551_0_corrected_H_0001,14
complex.52577_3_corrected_H_0001,14
complex.5268_1_corrected_H_0001,16
complex.52694_1_corrected_H_0001,14
complex.52697_7_corrected_H_0001,13
complex.5269_2_corrected_H_0001,17
complex.5270_5_corrected_H_0001,10
complex.52731_3_corrected_H_0001,18
complex.52746_5_corrected_H_0001,20
complex.52818_5_corrected_H_0001,7
complex.52878_9_corrected_H_0001,18
complex.52934_0_corrected_H_0001,12
complex.52981_0_corrected_H_0001,8
complex.52998_2_corrected_H_0001,4
complex.53021_7_corrected_H_0001,8
complex.53023_4_corrected_H_0001,11
complex.53079_3_corrected_H_0001,6
complex.53166_0_corrected_H_0001,5
complex.53167_3_corrected_H_0001,4
complex.5318_7_corrected_H_0001,16
complex.53217_3_corrected_H_0001,7
complex.53327_1_corrected_H_0001,7
complex.53337_7_corrected_H_0001,13
complex.53415_7_corrected_H_0001,6
complex.53566_7_corrected_H_0001,9
complex.53577_1_corrected_H_0001,18
complex.53578_3_corrected_H_0001,8
complex.53648_1_corrected_H_0001,10
complex.53704_3_corrected_H_0001,9
complex.53894_6_corrected_H_0001,4
complex.53896_6_corrected_H_0001,9
complex.53947_7_corrected_H_0001,8
complex.5400_2_corrected_H_0001,14
complex.5413_8_corrected_H_0001,10
complex.541_5_corrected_H_0001,19
complex.5469_9_corrected_H_0001,23
complex.549_8_corrected_H_0001,13
complex.557_6_corrected_H_0001,16
complex.5581_2_corrected_H_0001,21
complex.5612_2_corrected_H_0001,21
complex.5695_8_corrected_H_0001,12
complex.5696_8_corrected_H_0001,11
complex.5707_0_corrected_H_0001,15
complex.5746_0_corrected_H_0001,16
complex.5763_4_corrected_H_0001,13
complex.5763_8_corrected_H_0001,13
complex.5784_5_corrected_H_0001,20
complex.5857_5_corrected_H_0001,13
complex.5882_5_corrected_H_0001,21
complex.5902_5_corrected_H_0001,15
complex.5905_6_corrected_H_0001,11
complex.5919_5_corrected_H_0001,14
complex.5974_4_corrected_H_0001,15
complex.5990_9_corrected_H_0001,14
complex.6061_5_corrected_H_0001,16
complex.6064_2_corrected_H_0001,18
complex.6083_7_corrected_H_0001,13
complex.6209_5_corrected_H_0001,23
complex.6239_1_corrected_H_0001,27
complex.6273_9_corrected_H_0001,15
complex.6316_6_corrected_H_0001,13
complex.6417_3_corrected_H_0001,16
complex.6430_0_corrected_H_0001,12
complex.6445_0_corrected_H_0001,18
complex.6639_6_corrected_H_0001,19
complex.6697_4_corrected_H_0001,12
complex.6761_1_corrected_H_0001,12
complex.6798_3_corrected_H_0001,15
complex.679_0_corrected_H_0001,12
complex.6884_2_corrected_H_0001,13
complex.7019_4_corrected_H_0001,12
complex.7060_1_corrected_H_0001,12
complex.7072_6_corrected_H_0001,19
complex.7114_5_corrected_H_0001,30
complex.7358_0_corrected_H_0001,10
complex.7368_8_corrected_H_0001,8
complex.7382_7_corrected_H_0001,17
complex.7569_0_corrected_H_0001,9
complex.7633_9_corrected_H_0001,13
complex.7655_3_corrected_H_0001,18
complex.7677_2_corrected_H_0001,23
complex.7715_0_corrected_H_0001,14
complex.7729_8_corrected_H_0001,13
complex.7820_3_corrected_H_0001,10
complex.7986_7_corrected_H_0001,7
complex.8038_0_corrected_H_0001,10
complex.8056_6_corrected_H_0001,14
complex.8061_7_corrected_H_0001,15
complex.8171_3_corrected_H_0001,9
complex.820_9_corrected_H_0001,15
complex.8223_0_corrected_H_0001,24
complex.8228_0_corrected_H_0001,6
complex.8309_7_corrected_H_0001,15
complex.8360_0_corrected_H_0001,15
complex.8382_8_corrected_H_0001,8
complex.8421_2_corrected_H_0001,7
complex.8450_2_corrected_H_0001,17
complex.8473_5_corrected_H_0001,16
complex.8564_0_corrected_H_0001,18
complex.8585_5_corrected_H_0001,15
complex.8678_5_corrected_H_0001,12
complex.8718_7_corrected_H_0001,11
complex.8734_4_corrected_H_0001,14
complex.8818_7_corrected_H_0001,16
complex.8895_8_corrected_H_0001,23
complex.8942_6_corrected_H_0001,16
complex.8945_1_corrected_H_0001,13
complex.8952_3_corrected_H_0001,11
complex.8991_0_corrected_H_0001,11
complex.8992_9_corrected_H_0001,14
complex.9055_7_corrected_H_0001,23
complex.9097_5_corrected_H_0001,12
complex.9109_3_corrected_H_0001,17
complex.9199_4_corrected_H_0001,9
complex.9238_7_corrected_H_0001,11
complex.9473_2_corrected_H_0001,8
complex.9505_8_corrected_H_0001,15
complex.9523_9_corrected_H_0001,16
complex.9527_0_corrected_H_0001,10
complex.9633_9_corrected_H_0001,16
complex.9670_2_corrected_H_0001,19
complex.9773_1_corrected_H_0001,16
complex.9861_0_corrected_H_0001,14
complex.9915_5_corrected_H_0001,13
complex.9927_5_corrected_H_0001,11
complex.9939_0_corrected_H_0001,19
complex.9988_7_corrected_H_0001,12
complex.9996_8_corrected_H_0001,9
