pdb_file,hydrophobicity_contacts
complex.0_0_10_corrected_H_0001_5by8,16
complex.0_0_19_corrected_H_0001_5by8,17
complex.0_0_20_corrected_H_0001_5by8,20
complex.0_0_2_corrected_H_0001_5by8,22
complex.0_0_42_corrected_H_0001_5by8,19
complex.0_0_43_corrected_H_0001_5by8,18
complex.0_10_0_corrected_H_0001_5by8,84
complex.0_10_19_corrected_H_0001_5by8,63
complex.0_10_2_corrected_H_0001_5by8,77
complex.0_10_32_corrected_H_0001_5by8,72
complex.0_10_35_corrected_H_0001_5by8,87
complex.0_10_43_corrected_H_0001_5by8,83
complex.0_11_33_corrected_H_0001_5by8,93
complex.0_11_3_corrected_H_0001_5by8,94
complex.0_11_45_corrected_H_0001_5by8,75
complex.0_11_6_corrected_H_0001_5by8,94
complex.0_11_8_corrected_H_0001_5by8,94
complex.0_12_22_corrected_H_0001_5by8,77
complex.0_12_23_corrected_H_0001_5by8,79
complex.0_12_24_corrected_H_0001_5by8,85
complex.0_12_31_corrected_H_0001_5by8,95
complex.0_12_39_corrected_H_0001_5by8,94
complex.0_12_46_corrected_H_0001_5by8,84
complex.0_12_4_corrected_H_0001_5by8,98
complex.0_13_19_corrected_H_0001_5by8,93
complex.0_13_32_corrected_H_0001_5by8,81
complex.0_13_3_corrected_H_0001_5by8,101
complex.0_14_11_corrected_H_0001_5by8,92
complex.0_14_28_corrected_H_0001_5by8,93
complex.0_15_17_corrected_H_0001_5by8,96
complex.0_15_23_corrected_H_0001_5by8,102
complex.0_15_34_corrected_H_0001_5by8,103
complex.0_15_5_corrected_H_0001_5by8,93
complex.0_15_6_corrected_H_0001_5by8,88
complex.0_16_19_corrected_H_0001_5by8,103
complex.0_16_23_corrected_H_0001_5by8,106
complex.0_16_25_corrected_H_0001_5by8,95
complex.0_16_27_corrected_H_0001_5by8,98
complex.0_16_33_corrected_H_0001_5by8,99
complex.0_17_25_corrected_H_0001_5by8,103
complex.0_17_3_corrected_H_0001_5by8,102
complex.0_17_9_corrected_H_0001_5by8,101
complex.0_18_5_corrected_H_0001_5by8,97
complex.0_18_7_corrected_H_0001_5by8,98
complex.0_1_12_corrected_H_0001_5by8,31
complex.0_1_13_corrected_H_0001_5by8,27
complex.0_1_1_corrected_H_0001_5by8,52
complex.0_1_28_corrected_H_0001_5by8,28
complex.0_2_10_corrected_H_0001_5by8,27
complex.0_2_11_corrected_H_0001_5by8,50
complex.0_2_21_corrected_H_0001_5by8,39
complex.0_2_2_corrected_H_0001_5by8,38
complex.0_2_32_corrected_H_0001_5by8,38
complex.0_2_38_corrected_H_0001_5by8,22
complex.0_2_41_corrected_H_0001_5by8,41
complex.0_3_21_corrected_H_0001_5by8,38
complex.0_3_45_corrected_H_0001_5by8,34
complex.0_3_47_corrected_H_0001_5by8,47
complex.0_3_6_corrected_H_0001_5by8,30
complex.0_4_14_corrected_H_0001_5by8,56
complex.0_4_42_corrected_H_0001_5by8,43
complex.0_4_4_corrected_H_0001_5by8,33
complex.0_4_8_corrected_H_0001_5by8,22
complex.0_5_15_corrected_H_0001_5by8,47
complex.0_5_16_corrected_H_0001_5by8,65
complex.0_5_20_corrected_H_0001_5by8,39
complex.0_5_29_corrected_H_0001_5by8,43
complex.0_5_34_corrected_H_0001_5by8,50
complex.0_5_44_corrected_H_0001_5by8,28
complex.0_5_46_corrected_H_0001_5by8,20
complex.0_5_5_corrected_H_0001_5by8,29
complex.0_6_16_corrected_H_0001_5by8,30
complex.0_6_30_corrected_H_0001_5by8,27
complex.0_6_7_corrected_H_0001_5by8,35
complex.0_6_8_corrected_H_0001_5by8,30
complex.0_6_9_corrected_H_0001_5by8,62
complex.0_7_2_corrected_H_0001_5by8,44
complex.0_8_10_corrected_H_0001_5by8,66
complex.0_8_12_corrected_H_0001_5by8,58
complex.0_8_1_corrected_H_0001_5by8,54
complex.0_8_3_corrected_H_0001_5by8,66
complex.0_8_42_corrected_H_0001_5by8,70
complex.0_8_45_corrected_H_0001_5by8,62
complex.0_8_49_corrected_H_0001_5by8,67
complex.0_8_4_corrected_H_0001_5by8,69
complex.0_8_6_corrected_H_0001_5by8,83
complex.0_9_0_corrected_H_0001_5by8,68
complex.0_9_21_corrected_H_0001_5by8,87
complex.0_9_23_corrected_H_0001_5by8,77
complex.0_9_36_corrected_H_0001_5by8,64
complex.1_0_21_corrected_H_0001_5by8,9
complex.1_0_40_corrected_H_0001_5by8,15
complex.1_0_48_corrected_H_0001_5by8,18
complex.1_0_5_corrected_H_0001_5by8,6
complex.1_0_8_corrected_H_0001_5by8,13
complex.1_10_10_corrected_H_0001_5by8,95
complex.1_10_16_corrected_H_0001_5by8,58
complex.1_10_24_corrected_H_0001_5by8,93
complex.1_10_27_corrected_H_0001_5by8,57
complex.1_10_31_corrected_H_0001_5by8,69
complex.1_10_37_corrected_H_0001_5by8,93
complex.1_10_41_corrected_H_0001_5by8,73
complex.1_10_4_corrected_H_0001_5by8,82
complex.1_10_8_corrected_H_0001_5by8,66
complex.1_11_11_corrected_H_0001_5by8,89
complex.1_11_16_corrected_H_0001_5by8,92
complex.1_11_29_corrected_H_0001_5by8,83
complex.1_11_32_corrected_H_0001_5by8,79
complex.1_11_39_corrected_H_0001_5by8,73
complex.1_12_17_corrected_H_0001_5by8,97
complex.1_12_20_corrected_H_0001_5by8,83
complex.1_12_30_corrected_H_0001_5by8,92
complex.1_12_32_corrected_H_0001_5by8,85
complex.1_12_5_corrected_H_0001_5by8,90
complex.1_13_11_corrected_H_0001_5by8,91
complex.1_13_30_corrected_H_0001_5by8,99
complex.1_13_34_corrected_H_0001_5by8,99
complex.1_13_38_corrected_H_0001_5by8,92
complex.1_13_44_corrected_H_0001_5by8,95
complex.1_13_45_corrected_H_0001_5by8,95
complex.1_13_47_corrected_H_0001_5by8,93
complex.1_13_5_corrected_H_0001_5by8,85
complex.1_14_15_corrected_H_0001_5by8,92
complex.1_14_19_corrected_H_0001_5by8,98
complex.1_14_38_corrected_H_0001_5by8,93
complex.1_14_46_corrected_H_0001_5by8,89
complex.1_15_20_corrected_H_0001_5by8,89
complex.1_15_22_corrected_H_0001_5by8,100
complex.1_15_31_corrected_H_0001_5by8,104
complex.1_15_48_corrected_H_0001_5by8,103
complex.1_15_49_corrected_H_0001_5by8,93
complex.1_16_11_corrected_H_0001_5by8,97
complex.1_16_12_corrected_H_0001_5by8,98
complex.1_16_17_corrected_H_0001_5by8,100
complex.1_16_22_corrected_H_0001_5by8,101
complex.1_16_26_corrected_H_0001_5by8,95
complex.1_16_36_corrected_H_0001_5by8,97
complex.1_16_6_corrected_H_0001_5by8,91
complex.1_17_1_corrected_H_0001_5by8,99
complex.1_18_0_corrected_H_0001_5by8,102
complex.1_18_10_corrected_H_0001_5by8,99
complex.1_18_14_corrected_H_0001_5by8,97
complex.1_1_19_corrected_H_0001_5by8,28
complex.1_1_30_corrected_H_0001_5by8,21
complex.1_1_49_corrected_H_0001_5by8,33
complex.1_1_9_corrected_H_0001_5by8,23
complex.1_2_22_corrected_H_0001_5by8,29
complex.1_2_4_corrected_H_0001_5by8,40
complex.1_3_16_corrected_H_0001_5by8,33
complex.1_3_17_corrected_H_0001_5by8,28
complex.1_4_0_corrected_H_0001_5by8,26
complex.1_4_16_corrected_H_0001_5by8,27
complex.1_4_17_corrected_H_0001_5by8,39
complex.1_4_23_corrected_H_0001_5by8,31
complex.1_4_28_corrected_H_0001_5by8,34
complex.1_4_37_corrected_H_0001_5by8,36
complex.1_4_40_corrected_H_0001_5by8,32
complex.1_4_45_corrected_H_0001_5by8,20
complex.1_5_13_corrected_H_0001_5by8,35
complex.1_5_25_corrected_H_0001_5by8,23
complex.1_5_27_corrected_H_0001_5by8,64
complex.1_5_7_corrected_H_0001_5by8,33
complex.1_6_14_corrected_H_0001_5by8,32
complex.1_6_22_corrected_H_0001_5by8,46
complex.1_6_23_corrected_H_0001_5by8,22
complex.1_6_3_corrected_H_0001_5by8,47
complex.1_7_37_corrected_H_0001_5by8,86
complex.1_7_40_corrected_H_0001_5by8,67
complex.1_7_41_corrected_H_0001_5by8,69
complex.1_7_6_corrected_H_0001_5by8,67
complex.1_7_8_corrected_H_0001_5by8,73
complex.1_8_36_corrected_H_0001_5by8,77
complex.1_8_8_corrected_H_0001_5by8,48
complex.1_9_10_corrected_H_0001_5by8,63
complex.1_9_14_corrected_H_0001_5by8,87
complex.1_9_19_corrected_H_0001_5by8,61
complex.1_9_30_corrected_H_0001_5by8,60
complex.1_9_31_corrected_H_0001_5by8,70
complex.1_9_32_corrected_H_0001_5by8,93
complex.1_9_44_corrected_H_0001_5by8,55
complex.1_9_7_corrected_H_0001_5by8,59
complex.2_0_12_corrected_H_0001_5by8,23
complex.2_0_34_corrected_H_0001_5by8,27
complex.2_0_4_corrected_H_0001_5by8,25
complex.2_0_9_corrected_H_0001_5by8,24
complex.2_10_17_corrected_H_0001_5by8,92
complex.2_10_23_corrected_H_0001_5by8,81
complex.2_10_29_corrected_H_0001_5by8,71
complex.2_10_30_corrected_H_0001_5by8,82
complex.2_10_3_corrected_H_0001_5by8,80
complex.2_11_0_corrected_H_0001_5by8,90
complex.2_11_17_corrected_H_0001_5by8,66
complex.2_11_24_corrected_H_0001_5by8,76
complex.2_11_2_corrected_H_0001_5by8,73
complex.2_12_18_corrected_H_0001_5by8,95
complex.2_12_26_corrected_H_0001_5by8,91
complex.2_12_29_corrected_H_0001_5by8,94
complex.2_12_35_corrected_H_0001_5by8,73
complex.2_12_49_corrected_H_0001_5by8,72
complex.2_12_6_corrected_H_0001_5by8,91
complex.2_12_9_corrected_H_0001_5by8,83
complex.2_13_14_corrected_H_0001_5by8,93
complex.2_13_35_corrected_H_0001_5by8,94
complex.2_14_21_corrected_H_0001_5by8,102
complex.2_14_26_corrected_H_0001_5by8,93
complex.2_14_27_corrected_H_0001_5by8,86
complex.2_14_2_corrected_H_0001_5by8,94
complex.2_14_32_corrected_H_0001_5by8,95
complex.2_14_33_corrected_H_0001_5by8,95
complex.2_14_6_corrected_H_0001_5by8,96
complex.2_15_14_corrected_H_0001_5by8,92
complex.2_15_37_corrected_H_0001_5by8,97
complex.2_16_18_corrected_H_0001_5by8,99
complex.2_16_1_corrected_H_0001_5by8,99
complex.2_16_21_corrected_H_0001_5by8,100
complex.2_16_24_corrected_H_0001_5by8,100
complex.2_16_28_corrected_H_0001_5by8,96
complex.2_16_7_corrected_H_0001_5by8,104
complex.2_17_23_corrected_H_0001_5by8,104
complex.2_17_7_corrected_H_0001_5by8,101
complex.2_18_12_corrected_H_0001_5by8,102
complex.2_18_6_corrected_H_0001_5by8,102
complex.2_1_15_corrected_H_0001_5by8,44
complex.2_1_21_corrected_H_0001_5by8,24
complex.2_1_23_corrected_H_0001_5by8,17
complex.2_1_29_corrected_H_0001_5by8,26
complex.2_1_34_corrected_H_0001_5by8,41
complex.2_1_37_corrected_H_0001_5by8,32
complex.2_1_43_corrected_H_0001_5by8,24
complex.2_1_45_corrected_H_0001_5by8,17
complex.2_1_46_corrected_H_0001_5by8,40
complex.2_2_17_corrected_H_0001_5by8,31
complex.2_2_29_corrected_H_0001_5by8,23
complex.2_2_9_corrected_H_0001_5by8,25
complex.2_3_0_corrected_H_0001_5by8,37
complex.2_3_1_corrected_H_0001_5by8,19
complex.2_3_26_corrected_H_0001_5by8,52
complex.2_4_18_corrected_H_0001_5by8,23
complex.2_4_38_corrected_H_0001_5by8,58
complex.2_4_44_corrected_H_0001_5by8,17
complex.2_4_49_corrected_H_0001_5by8,41
complex.2_4_9_corrected_H_0001_5by8,50
complex.2_5_12_corrected_H_0001_5by8,48
complex.2_5_22_corrected_H_0001_5by8,52
complex.2_5_32_corrected_H_0001_5by8,37
complex.2_5_38_corrected_H_0001_5by8,78
complex.2_5_8_corrected_H_0001_5by8,62
complex.2_6_10_corrected_H_0001_5by8,48
complex.2_6_24_corrected_H_0001_5by8,41
complex.2_6_36_corrected_H_0001_5by8,28
complex.2_6_41_corrected_H_0001_5by8,44
complex.2_6_49_corrected_H_0001_5by8,67
complex.2_7_17_corrected_H_0001_5by8,45
complex.2_7_21_corrected_H_0001_5by8,70
complex.2_7_24_corrected_H_0001_5by8,57
complex.2_7_43_corrected_H_0001_5by8,46
complex.2_7_48_corrected_H_0001_5by8,61
complex.2_7_5_corrected_H_0001_5by8,35
complex.2_7_7_corrected_H_0001_5by8,58
complex.2_8_26_corrected_H_0001_5by8,56
complex.2_8_39_corrected_H_0001_5by8,46
complex.2_8_5_corrected_H_0001_5by8,62
complex.2_9_22_corrected_H_0001_5by8,90
complex.2_9_26_corrected_H_0001_5by8,62
complex.2_9_37_corrected_H_0001_5by8,70
complex.2_9_39_corrected_H_0001_5by8,63
complex.2_9_5_corrected_H_0001_5by8,72
complex.3_0_15_corrected_H_0001_5by8,38
complex.3_0_18_corrected_H_0001_5by8,28
complex.3_0_23_corrected_H_0001_5by8,26
complex.3_0_28_corrected_H_0001_5by8,9
complex.3_0_35_corrected_H_0001_5by8,33
complex.3_10_11_corrected_H_0001_5by8,95
complex.3_10_22_corrected_H_0001_5by8,63
complex.3_10_26_corrected_H_0001_5by8,98
complex.3_10_39_corrected_H_0001_5by8,54
complex.3_10_7_corrected_H_0001_5by8,76
complex.3_11_19_corrected_H_0001_5by8,79
complex.3_11_20_corrected_H_0001_5by8,70
complex.3_11_37_corrected_H_0001_5by8,92
complex.3_11_47_corrected_H_0001_5by8,93
complex.3_11_4_corrected_H_0001_5by8,88
complex.3_12_12_corrected_H_0001_5by8,91
complex.3_12_1_corrected_H_0001_5by8,97
complex.3_12_38_corrected_H_0001_5by8,96
complex.3_12_3_corrected_H_0001_5by8,74
complex.3_12_40_corrected_H_0001_5by8,84
complex.3_12_7_corrected_H_0001_5by8,89
complex.3_13_20_corrected_H_0001_5by8,77
complex.3_13_21_corrected_H_0001_5by8,82
complex.3_13_25_corrected_H_0001_5by8,98
complex.3_13_27_corrected_H_0001_5by8,98
complex.3_13_31_corrected_H_0001_5by8,94
complex.3_13_9_corrected_H_0001_5by8,90
complex.3_14_16_corrected_H_0001_5by8,85
complex.3_14_3_corrected_H_0001_5by8,97
complex.3_14_41_corrected_H_0001_5by8,99
complex.3_14_4_corrected_H_0001_5by8,97
complex.3_14_9_corrected_H_0001_5by8,94
complex.3_15_30_corrected_H_0001_5by8,105
complex.3_15_35_corrected_H_0001_5by8,93
complex.3_15_41_corrected_H_0001_5by8,99
complex.3_15_43_corrected_H_0001_5by8,97
complex.3_15_44_corrected_H_0001_5by8,100
complex.3_15_46_corrected_H_0001_5by8,99
complex.3_16_13_corrected_H_0001_5by8,99
complex.3_16_37_corrected_H_0001_5by8,104
complex.3_17_10_corrected_H_0001_5by8,102
complex.3_17_21_corrected_H_0001_5by8,102
complex.3_17_24_corrected_H_0001_5by8,102
complex.3_18_13_corrected_H_0001_5by8,103
complex.3_18_1_corrected_H_0001_5by8,102
complex.3_1_33_corrected_H_0001_5by8,33
complex.3_1_3_corrected_H_0001_5by8,25
complex.3_1_42_corrected_H_0001_5by8,41
complex.3_1_44_corrected_H_0001_5by8,19
complex.3_1_8_corrected_H_0001_5by8,35
complex.3_2_26_corrected_H_0001_5by8,25
complex.3_2_28_corrected_H_0001_5by8,42
complex.3_2_31_corrected_H_0001_5by8,23
complex.3_2_33_corrected_H_0001_5by8,44
complex.3_2_44_corrected_H_0001_5by8,25
complex.3_2_47_corrected_H_0001_5by8,29
complex.3_3_13_corrected_H_0001_5by8,31
complex.3_3_18_corrected_H_0001_5by8,26
complex.3_3_19_corrected_H_0001_5by8,34
complex.3_3_20_corrected_H_0001_5by8,38
complex.3_3_29_corrected_H_0001_5by8,36
complex.3_3_40_corrected_H_0001_5by8,31
complex.3_4_30_corrected_H_0001_5by8,40
complex.3_4_34_corrected_H_0001_5by8,50
complex.3_4_6_corrected_H_0001_5by8,58
complex.3_4_7_corrected_H_0001_5by8,60
complex.3_5_10_corrected_H_0001_5by8,65
complex.3_5_23_corrected_H_0001_5by8,34
complex.3_5_35_corrected_H_0001_5by8,54
complex.3_5_40_corrected_H_0001_5by8,39
complex.3_5_41_corrected_H_0001_5by8,43
complex.3_6_1_corrected_H_0001_5by8,68
complex.3_6_31_corrected_H_0001_5by8,41
complex.3_6_32_corrected_H_0001_5by8,60
complex.3_6_42_corrected_H_0001_5by8,51
complex.3_6_43_corrected_H_0001_5by8,60
complex.3_6_5_corrected_H_0001_5by8,69
complex.3_6_6_corrected_H_0001_5by8,31
complex.3_7_0_corrected_H_0001_5by8,57
complex.3_7_27_corrected_H_0001_5by8,36
complex.3_7_35_corrected_H_0001_5by8,49
complex.3_8_16_corrected_H_0001_5by8,69
complex.3_8_25_corrected_H_0001_5by8,86
complex.3_8_27_corrected_H_0001_5by8,52
complex.3_8_31_corrected_H_0001_5by8,57
complex.3_8_35_corrected_H_0001_5by8,72
complex.3_8_37_corrected_H_0001_5by8,74
complex.3_8_40_corrected_H_0001_5by8,54
complex.3_8_43_corrected_H_0001_5by8,47
complex.3_8_46_corrected_H_0001_5by8,57
complex.3_9_17_corrected_H_0001_5by8,59
complex.3_9_27_corrected_H_0001_5by8,79
complex.3_9_2_corrected_H_0001_5by8,62
complex.3_9_34_corrected_H_0001_5by8,78
complex.4_0_11_corrected_H_0001_5by8,18
complex.4_0_22_corrected_H_0001_5by8,29
complex.4_0_25_corrected_H_0001_5by8,19
complex.4_0_30_corrected_H_0001_5by8,23
complex.4_0_31_corrected_H_0001_5by8,12
complex.4_0_33_corrected_H_0001_5by8,14
complex.4_0_49_corrected_H_0001_5by8,26
complex.4_10_1_corrected_H_0001_5by8,88
complex.4_10_36_corrected_H_0001_5by8,72
complex.4_10_46_corrected_H_0001_5by8,81
complex.4_10_9_corrected_H_0001_5by8,88
complex.4_11_10_corrected_H_0001_5by8,89
complex.4_11_18_corrected_H_0001_5by8,88
complex.4_11_41_corrected_H_0001_5by8,76
complex.4_12_13_corrected_H_0001_5by8,84
complex.4_12_2_corrected_H_0001_5by8,89
complex.4_12_36_corrected_H_0001_5by8,90
complex.4_12_47_corrected_H_0001_5by8,102
complex.4_13_16_corrected_H_0001_5by8,101
complex.4_13_18_corrected_H_0001_5by8,100
complex.4_13_1_corrected_H_0001_5by8,85
complex.4_13_23_corrected_H_0001_5by8,98
complex.4_13_29_corrected_H_0001_5by8,97
complex.4_13_42_corrected_H_0001_5by8,94
complex.4_13_43_corrected_H_0001_5by8,90
complex.4_13_4_corrected_H_0001_5by8,91
complex.4_14_20_corrected_H_0001_5by8,92
complex.4_14_30_corrected_H_0001_5by8,81
complex.4_14_34_corrected_H_0001_5by8,90
complex.4_14_43_corrected_H_0001_5by8,101
complex.4_15_18_corrected_H_0001_5by8,101
complex.4_15_24_corrected_H_0001_5by8,98
complex.4_15_25_corrected_H_0001_5by8,95
complex.4_15_27_corrected_H_0001_5by8,95
complex.4_15_33_corrected_H_0001_5by8,95
complex.4_15_38_corrected_H_0001_5by8,92
complex.4_15_40_corrected_H_0001_5by8,90
complex.4_15_8_corrected_H_0001_5by8,104
complex.4_15_9_corrected_H_0001_5by8,98
complex.4_16_0_corrected_H_0001_5by8,95
complex.4_16_10_corrected_H_0001_5by8,100
complex.4_16_16_corrected_H_0001_5by8,98
complex.4_16_3_corrected_H_0001_5by8,103
complex.4_17_26_corrected_H_0001_5by8,107
complex.4_17_5_corrected_H_0001_5by8,105
complex.4_18_4_corrected_H_0001_5by8,97
complex.4_18_8_corrected_H_0001_5by8,103
complex.4_1_17_corrected_H_0001_5by8,43
complex.4_1_27_corrected_H_0001_5by8,30
complex.4_2_40_corrected_H_0001_5by8,29
complex.4_2_45_corrected_H_0001_5by8,37
complex.4_2_46_corrected_H_0001_5by8,31
complex.4_2_48_corrected_H_0001_5by8,48
complex.4_2_5_corrected_H_0001_5by8,21
complex.4_2_6_corrected_H_0001_5by8,42
complex.4_2_8_corrected_H_0001_5by8,38
complex.4_3_44_corrected_H_0001_5by8,30
complex.4_3_46_corrected_H_0001_5by8,31
complex.4_3_5_corrected_H_0001_5by8,30
complex.4_4_10_corrected_H_0001_5by8,47
complex.4_4_25_corrected_H_0001_5by8,42
complex.4_4_29_corrected_H_0001_5by8,44
complex.4_5_17_corrected_H_0001_5by8,53
complex.4_5_43_corrected_H_0001_5by8,29
complex.4_5_47_corrected_H_0001_5by8,54
complex.4_5_6_corrected_H_0001_5by8,34
complex.4_6_13_corrected_H_0001_5by8,42
complex.4_6_15_corrected_H_0001_5by8,59
complex.4_6_18_corrected_H_0001_5by8,29
complex.4_6_21_corrected_H_0001_5by8,27
complex.4_6_2_corrected_H_0001_5by8,54
complex.4_6_46_corrected_H_0001_5by8,43
complex.4_7_12_corrected_H_0001_5by8,61
complex.4_7_16_corrected_H_0001_5by8,34
complex.4_7_20_corrected_H_0001_5by8,59
complex.4_7_26_corrected_H_0001_5by8,65
complex.4_7_28_corrected_H_0001_5by8,39
complex.4_7_44_corrected_H_0001_5by8,79
complex.4_7_46_corrected_H_0001_5by8,83
complex.4_8_0_corrected_H_0001_5by8,57
complex.4_8_14_corrected_H_0001_5by8,74
complex.4_8_21_corrected_H_0001_5by8,49
complex.4_8_24_corrected_H_0001_5by8,79
complex.4_8_2_corrected_H_0001_5by8,53
complex.4_8_33_corrected_H_0001_5by8,84
complex.4_8_7_corrected_H_0001_5by8,59
complex.4_9_11_corrected_H_0001_5by8,57
complex.4_9_15_corrected_H_0001_5by8,72
complex.5_0_13_corrected_H_0001_5by8,9
complex.5_0_17_corrected_H_0001_5by8,12
complex.5_0_1_corrected_H_0001_5by8,17
complex.5_0_32_corrected_H_0001_5by8,17
complex.5_0_41_corrected_H_0001_5by8,24
complex.5_0_45_corrected_H_0001_5by8,26
complex.5_10_33_corrected_H_0001_5by8,88
complex.5_10_40_corrected_H_0001_5by8,72
complex.5_10_6_corrected_H_0001_5by8,70
complex.5_11_25_corrected_H_0001_5by8,80
complex.5_11_36_corrected_H_0001_5by8,90
complex.5_12_10_corrected_H_0001_5by8,93
complex.5_12_16_corrected_H_0001_5by8,88
complex.5_12_25_corrected_H_0001_5by8,88
complex.5_12_33_corrected_H_0001_5by8,101
complex.5_12_37_corrected_H_0001_5by8,94
complex.5_12_48_corrected_H_0001_5by8,100
complex.5_13_10_corrected_H_0001_5by8,95
complex.5_13_15_corrected_H_0001_5by8,89
complex.5_13_17_corrected_H_0001_5by8,103
complex.5_13_22_corrected_H_0001_5by8,96
complex.5_13_28_corrected_H_0001_5by8,95
complex.5_13_33_corrected_H_0001_5by8,81
complex.5_13_41_corrected_H_0001_5by8,98
complex.5_13_48_corrected_H_0001_5by8,90
complex.5_13_8_corrected_H_0001_5by8,92
complex.5_14_23_corrected_H_0001_5by8,101
complex.5_14_39_corrected_H_0001_5by8,94
complex.5_14_48_corrected_H_0001_5by8,102
complex.5_14_7_corrected_H_0001_5by8,93
complex.5_14_8_corrected_H_0001_5by8,97
complex.5_15_19_corrected_H_0001_5by8,99
complex.5_15_21_corrected_H_0001_5by8,104
complex.5_15_29_corrected_H_0001_5by8,99
complex.5_15_47_corrected_H_0001_5by8,102
complex.5_15_4_corrected_H_0001_5by8,91
complex.5_16_30_corrected_H_0001_5by8,101
complex.5_16_32_corrected_H_0001_5by8,99
complex.5_17_16_corrected_H_0001_5by8,102
complex.5_17_18_corrected_H_0001_5by8,101
complex.5_17_28_corrected_H_0001_5by8,97
complex.5_17_29_corrected_H_0001_5by8,98
complex.5_17_6_corrected_H_0001_5by8,102
complex.5_17_8_corrected_H_0001_5by8,103
complex.5_18_3_corrected_H_0001_5by8,100
complex.5_1_0_corrected_H_0001_5by8,31
complex.5_1_11_corrected_H_0001_5by8,19
complex.5_1_2_corrected_H_0001_5by8,27
complex.5_1_36_corrected_H_0001_5by8,42
complex.5_1_7_corrected_H_0001_5by8,43
complex.5_2_14_corrected_H_0001_5by8,20
complex.5_3_10_corrected_H_0001_5by8,40
complex.5_3_41_corrected_H_0001_5by8,38
complex.5_3_8_corrected_H_0001_5by8,43
complex.5_4_20_corrected_H_0001_5by8,34
complex.5_4_24_corrected_H_0001_5by8,57
complex.5_4_27_corrected_H_0001_5by8,35
complex.5_4_2_corrected_H_0001_5by8,37
complex.5_4_41_corrected_H_0001_5by8,38
complex.5_4_47_corrected_H_0001_5by8,52
complex.5_4_5_corrected_H_0001_5by8,29
complex.5_5_21_corrected_H_0001_5by8,61
complex.5_5_24_corrected_H_0001_5by8,65
complex.5_5_28_corrected_H_0001_5by8,48
complex.5_5_39_corrected_H_0001_5by8,45
complex.5_5_45_corrected_H_0001_5by8,32
complex.5_6_0_corrected_H_0001_5by8,25
complex.5_6_27_corrected_H_0001_5by8,65
complex.5_6_35_corrected_H_0001_5by8,64
complex.5_6_38_corrected_H_0001_5by8,46
complex.5_7_19_corrected_H_0001_5by8,61
complex.5_7_25_corrected_H_0001_5by8,62
complex.5_7_39_corrected_H_0001_5by8,38
complex.5_7_42_corrected_H_0001_5by8,74
complex.5_7_45_corrected_H_0001_5by8,53
complex.5_8_17_corrected_H_0001_5by8,65
complex.5_8_19_corrected_H_0001_5by8,66
complex.5_8_9_corrected_H_0001_5by8,77
complex.5_9_28_corrected_H_0001_5by8,93
complex.5_9_3_corrected_H_0001_5by8,57
complex.5_9_41_corrected_H_0001_5by8,69
complex.5_9_49_corrected_H_0001_5by8,65
complex.5_9_9_corrected_H_0001_5by8,79
complex.6_0_16_corrected_H_0001_5by8,10
complex.6_0_37_corrected_H_0001_5by8,24
complex.6_0_44_corrected_H_0001_5by8,27
complex.6_0_47_corrected_H_0001_5by8,30
complex.6_10_18_corrected_H_0001_5by8,85
complex.6_10_34_corrected_H_0001_5by8,92
complex.6_10_38_corrected_H_0001_5by8,76
complex.6_10_44_corrected_H_0001_5by8,83
complex.6_10_48_corrected_H_0001_5by8,70
complex.6_11_13_corrected_H_0001_5by8,79
complex.6_11_21_corrected_H_0001_5by8,93
complex.6_11_30_corrected_H_0001_5by8,71
complex.6_11_40_corrected_H_0001_5by8,75
complex.6_11_9_corrected_H_0001_5by8,90
complex.6_12_11_corrected_H_0001_5by8,92
complex.6_12_28_corrected_H_0001_5by8,83
complex.6_12_43_corrected_H_0001_5by8,97
complex.6_12_44_corrected_H_0001_5by8,92
complex.6_13_0_corrected_H_0001_5by8,94
complex.6_13_24_corrected_H_0001_5by8,98
complex.6_13_2_corrected_H_0001_5by8,88
complex.6_13_46_corrected_H_0001_5by8,91
complex.6_13_49_corrected_H_0001_5by8,89
complex.6_13_6_corrected_H_0001_5by8,90
complex.6_14_12_corrected_H_0001_5by8,99
complex.6_14_14_corrected_H_0001_5by8,93
complex.6_14_1_corrected_H_0001_5by8,95
complex.6_14_22_corrected_H_0001_5by8,94
complex.6_14_24_corrected_H_0001_5by8,94
complex.6_14_25_corrected_H_0001_5by8,97
complex.6_14_37_corrected_H_0001_5by8,94
complex.6_14_42_corrected_H_0001_5by8,94
complex.6_14_47_corrected_H_0001_5by8,101
complex.6_14_49_corrected_H_0001_5by8,94
complex.6_15_10_corrected_H_0001_5by8,94
complex.6_15_12_corrected_H_0001_5by8,100
complex.6_16_29_corrected_H_0001_5by8,98
complex.6_16_8_corrected_H_0001_5by8,102
complex.6_17_0_corrected_H_0001_5by8,100
complex.6_17_12_corrected_H_0001_5by8,103
complex.6_17_19_corrected_H_0001_5by8,96
complex.6_17_2_corrected_H_0001_5by8,103
complex.6_17_32_corrected_H_0001_5by8,102
complex.6_18_15_corrected_H_0001_5by8,103
complex.6_1_22_corrected_H_0001_5by8,43
complex.6_1_24_corrected_H_0001_5by8,37
complex.6_1_25_corrected_H_0001_5by8,15
complex.6_1_31_corrected_H_0001_5by8,35
complex.6_1_48_corrected_H_0001_5by8,26
complex.6_1_6_corrected_H_0001_5by8,33
complex.6_2_12_corrected_H_0001_5by8,44
complex.6_2_1_corrected_H_0001_5by8,28
complex.6_2_20_corrected_H_0001_5by8,43
complex.6_2_27_corrected_H_0001_5by8,29
complex.6_2_36_corrected_H_0001_5by8,30
complex.6_2_37_corrected_H_0001_5by8,24
complex.6_3_15_corrected_H_0001_5by8,37
complex.6_3_33_corrected_H_0001_5by8,32
complex.6_3_36_corrected_H_0001_5by8,37
complex.6_3_7_corrected_H_0001_5by8,24
complex.6_4_11_corrected_H_0001_5by8,20
complex.6_4_21_corrected_H_0001_5by8,28
complex.6_4_22_corrected_H_0001_5by8,65
complex.6_4_31_corrected_H_0001_5by8,56
complex.6_4_33_corrected_H_0001_5by8,23
complex.6_4_35_corrected_H_0001_5by8,31
complex.6_4_36_corrected_H_0001_5by8,30
complex.6_5_0_corrected_H_0001_5by8,39
complex.6_5_11_corrected_H_0001_5by8,26
complex.6_5_26_corrected_H_0001_5by8,47
complex.6_5_48_corrected_H_0001_5by8,41
complex.6_5_9_corrected_H_0001_5by8,55
complex.6_6_11_corrected_H_0001_5by8,47
complex.6_6_17_corrected_H_0001_5by8,52
complex.6_6_25_corrected_H_0001_5by8,58
complex.6_6_34_corrected_H_0001_5by8,53
complex.6_7_22_corrected_H_0001_5by8,69
complex.6_7_4_corrected_H_0001_5by8,33
complex.6_8_11_corrected_H_0001_5by8,61
complex.6_8_13_corrected_H_0001_5by8,57
complex.6_8_22_corrected_H_0001_5by8,65
complex.6_8_41_corrected_H_0001_5by8,72
complex.6_8_48_corrected_H_0001_5by8,69
complex.6_9_16_corrected_H_0001_5by8,93
complex.6_9_25_corrected_H_0001_5by8,71
complex.6_9_42_corrected_H_0001_5by8,88
complex.6_9_47_corrected_H_0001_5by8,63
complex.6_9_48_corrected_H_0001_5by8,67
complex.6_9_6_corrected_H_0001_5by8,49
complex.7_0_26_corrected_H_0001_5by8,19
complex.7_0_36_corrected_H_0001_5by8,15
complex.7_0_46_corrected_H_0001_5by8,18
complex.7_0_6_corrected_H_0001_5by8,21
complex.7_10_12_corrected_H_0001_5by8,74
complex.7_10_13_corrected_H_0001_5by8,81
complex.7_10_20_corrected_H_0001_5by8,91
complex.7_10_21_corrected_H_0001_5by8,71
complex.7_10_42_corrected_H_0001_5by8,91
complex.7_10_45_corrected_H_0001_5by8,64
complex.7_11_15_corrected_H_0001_5by8,79
complex.7_11_35_corrected_H_0001_5by8,94
complex.7_11_49_corrected_H_0001_5by8,85
complex.7_11_5_corrected_H_0001_5by8,58
complex.7_12_0_corrected_H_0001_5by8,84
complex.7_12_14_corrected_H_0001_5by8,81
complex.7_12_19_corrected_H_0001_5by8,99
complex.7_12_45_corrected_H_0001_5by8,98
complex.7_13_13_corrected_H_0001_5by8,89
complex.7_13_37_corrected_H_0001_5by8,99
complex.7_13_7_corrected_H_0001_5by8,102
complex.7_14_13_corrected_H_0001_5by8,78
complex.7_14_17_corrected_H_0001_5by8,90
complex.7_14_29_corrected_H_0001_5by8,101
complex.7_14_44_corrected_H_0001_5by8,88
complex.7_14_5_corrected_H_0001_5by8,90
complex.7_15_13_corrected_H_0001_5by8,102
complex.7_15_1_corrected_H_0001_5by8,96
complex.7_15_2_corrected_H_0001_5by8,99
complex.7_15_36_corrected_H_0001_5by8,99
complex.7_16_2_corrected_H_0001_5by8,104
complex.7_16_31_corrected_H_0001_5by8,96
complex.7_16_35_corrected_H_0001_5by8,94
complex.7_17_13_corrected_H_0001_5by8,100
complex.7_17_15_corrected_H_0001_5by8,101
complex.7_17_17_corrected_H_0001_5by8,103
complex.7_17_30_corrected_H_0001_5by8,100
complex.7_17_33_corrected_H_0001_5by8,99
complex.7_18_11_corrected_H_0001_5by8,100
complex.7_18_2_corrected_H_0001_5by8,104
complex.7_1_10_corrected_H_0001_5by8,57
complex.7_1_26_corrected_H_0001_5by8,24
complex.7_1_38_corrected_H_0001_5by8,29
complex.7_1_40_corrected_H_0001_5by8,31
complex.7_1_47_corrected_H_0001_5by8,25
complex.7_1_4_corrected_H_0001_5by8,24
complex.7_2_0_corrected_H_0001_5by8,33
complex.7_2_13_corrected_H_0001_5by8,14
complex.7_2_15_corrected_H_0001_5by8,19
complex.7_2_16_corrected_H_0001_5by8,15
complex.7_2_19_corrected_H_0001_5by8,42
complex.7_2_30_corrected_H_0001_5by8,65
complex.7_2_39_corrected_H_0001_5by8,29
complex.7_2_42_corrected_H_0001_5by8,24
complex.7_2_43_corrected_H_0001_5by8,28
complex.7_3_30_corrected_H_0001_5by8,42
complex.7_3_31_corrected_H_0001_5by8,53
complex.7_3_34_corrected_H_0001_5by8,44
complex.7_3_48_corrected_H_0001_5by8,22
complex.7_3_49_corrected_H_0001_5by8,52
complex.7_4_12_corrected_H_0001_5by8,31
complex.7_4_19_corrected_H_0001_5by8,30
complex.7_4_32_corrected_H_0001_5by8,27
complex.7_4_3_corrected_H_0001_5by8,21
complex.7_4_48_corrected_H_0001_5by8,26
complex.7_5_14_corrected_H_0001_5by8,24
complex.7_5_19_corrected_H_0001_5by8,35
complex.7_5_2_corrected_H_0001_5by8,58
complex.7_5_36_corrected_H_0001_5by8,24
complex.7_6_20_corrected_H_0001_5by8,54
complex.7_6_33_corrected_H_0001_5by8,41
complex.7_6_45_corrected_H_0001_5by8,47
complex.7_6_48_corrected_H_0001_5by8,50
complex.7_7_10_corrected_H_0001_5by8,60
complex.7_7_11_corrected_H_0001_5by8,71
complex.7_7_18_corrected_H_0001_5by8,73
complex.7_7_30_corrected_H_0001_5by8,44
complex.7_7_3_corrected_H_0001_5by8,52
complex.7_7_49_corrected_H_0001_5by8,51
complex.7_7_9_corrected_H_0001_5by8,69
complex.7_8_20_corrected_H_0001_5by8,65
complex.7_8_28_corrected_H_0001_5by8,65
complex.7_8_30_corrected_H_0001_5by8,66
complex.7_8_34_corrected_H_0001_5by8,54
complex.7_8_44_corrected_H_0001_5by8,55
complex.7_9_12_corrected_H_0001_5by8,74
complex.7_9_1_corrected_H_0001_5by8,66
complex.7_9_35_corrected_H_0001_5by8,66
complex.7_9_38_corrected_H_0001_5by8,64
complex.8_0_14_corrected_H_0001_5by8,14
complex.8_0_24_corrected_H_0001_5by8,27
complex.8_0_27_corrected_H_0001_5by8,23
complex.8_0_29_corrected_H_0001_5by8,10
complex.8_0_3_corrected_H_0001_5by8,18
complex.8_10_28_corrected_H_0001_5by8,63
complex.8_11_14_corrected_H_0001_5by8,75
complex.8_11_1_corrected_H_0001_5by8,86
complex.8_11_22_corrected_H_0001_5by8,89
complex.8_11_23_corrected_H_0001_5by8,93
complex.8_11_27_corrected_H_0001_5by8,65
complex.8_11_31_corrected_H_0001_5by8,70
complex.8_11_44_corrected_H_0001_5by8,64
complex.8_11_46_corrected_H_0001_5by8,98
complex.8_11_48_corrected_H_0001_5by8,72
complex.8_11_7_corrected_H_0001_5by8,84
complex.8_12_15_corrected_H_0001_5by8,100
complex.8_12_34_corrected_H_0001_5by8,87
complex.8_12_41_corrected_H_0001_5by8,90
complex.8_13_36_corrected_H_0001_5by8,97
complex.8_14_0_corrected_H_0001_5by8,94
complex.8_14_31_corrected_H_0001_5by8,99
complex.8_14_36_corrected_H_0001_5by8,91
complex.8_15_0_corrected_H_0001_5by8,101
complex.8_15_11_corrected_H_0001_5by8,103
complex.8_15_26_corrected_H_0001_5by8,100
complex.8_15_39_corrected_H_0001_5by8,94
complex.8_15_7_corrected_H_0001_5by8,96
complex.8_16_14_corrected_H_0001_5by8,93
complex.8_16_20_corrected_H_0001_5by8,104
complex.8_16_5_corrected_H_0001_5by8,98
complex.8_17_11_corrected_H_0001_5by8,90
complex.8_17_22_corrected_H_0001_5by8,103
complex.8_17_31_corrected_H_0001_5by8,100
complex.8_17_34_corrected_H_0001_5by8,106
complex.8_17_4_corrected_H_0001_5by8,101
complex.8_1_16_corrected_H_0001_5by8,29
complex.8_1_18_corrected_H_0001_5by8,36
complex.8_2_18_corrected_H_0001_5by8,33
complex.8_2_24_corrected_H_0001_5by8,20
complex.8_2_3_corrected_H_0001_5by8,29
complex.8_3_11_corrected_H_0001_5by8,19
complex.8_3_12_corrected_H_0001_5by8,43
complex.8_3_22_corrected_H_0001_5by8,31
complex.8_3_23_corrected_H_0001_5by8,30
complex.8_3_24_corrected_H_0001_5by8,31
complex.8_3_25_corrected_H_0001_5by8,41
complex.8_3_27_corrected_H_0001_5by8,32
complex.8_3_37_corrected_H_0001_5by8,28
complex.8_3_39_corrected_H_0001_5by8,40
complex.8_3_3_corrected_H_0001_5by8,16
complex.8_3_42_corrected_H_0001_5by8,31
complex.8_4_13_corrected_H_0001_5by8,37
complex.8_4_15_corrected_H_0001_5by8,27
complex.8_4_1_corrected_H_0001_5by8,29
complex.8_4_39_corrected_H_0001_5by8,27
complex.8_4_43_corrected_H_0001_5by8,36
complex.8_4_46_corrected_H_0001_5by8,47
complex.8_5_30_corrected_H_0001_5by8,26
complex.8_5_31_corrected_H_0001_5by8,58
complex.8_5_37_corrected_H_0001_5by8,36
complex.8_5_49_corrected_H_0001_5by8,57
complex.8_6_12_corrected_H_0001_5by8,38
complex.8_6_26_corrected_H_0001_5by8,45
complex.8_6_28_corrected_H_0001_5by8,65
complex.8_6_29_corrected_H_0001_5by8,49
complex.8_6_39_corrected_H_0001_5by8,56
complex.8_6_40_corrected_H_0001_5by8,49
complex.8_6_47_corrected_H_0001_5by8,60
complex.8_7_13_corrected_H_0001_5by8,53
complex.8_7_32_corrected_H_0001_5by8,71
complex.8_7_38_corrected_H_0001_5by8,61
complex.8_8_15_corrected_H_0001_5by8,40
complex.8_8_23_corrected_H_0001_5by8,47
complex.8_8_29_corrected_H_0001_5by8,83
complex.8_8_32_corrected_H_0001_5by8,41
complex.8_9_13_corrected_H_0001_5by8,80
complex.8_9_18_corrected_H_0001_5by8,58
complex.8_9_24_corrected_H_0001_5by8,68
complex.8_9_8_corrected_H_0001_5by8,73
complex.9_0_0_corrected_H_0001_5by8,13
complex.9_0_38_corrected_H_0001_5by8,21
complex.9_0_39_corrected_H_0001_5by8,14
complex.9_0_7_corrected_H_0001_5by8,47
complex.9_10_14_corrected_H_0001_5by8,81
complex.9_10_15_corrected_H_0001_5by8,85
complex.9_10_25_corrected_H_0001_5by8,87
complex.9_10_47_corrected_H_0001_5by8,91
complex.9_10_49_corrected_H_0001_5by8,89
complex.9_10_5_corrected_H_0001_5by8,65
complex.9_11_12_corrected_H_0001_5by8,91
complex.9_11_26_corrected_H_0001_5by8,74
complex.9_11_28_corrected_H_0001_5by8,80
complex.9_11_34_corrected_H_0001_5by8,93
complex.9_11_38_corrected_H_0001_5by8,92
complex.9_11_42_corrected_H_0001_5by8,87
complex.9_11_43_corrected_H_0001_5by8,77
complex.9_12_21_corrected_H_0001_5by8,88
complex.9_12_27_corrected_H_0001_5by8,91
complex.9_12_42_corrected_H_0001_5by8,85
complex.9_12_8_corrected_H_0001_5by8,82
complex.9_13_12_corrected_H_0001_5by8,92
complex.9_13_26_corrected_H_0001_5by8,84
complex.9_13_39_corrected_H_0001_5by8,88
complex.9_13_40_corrected_H_0001_5by8,90
complex.9_14_10_corrected_H_0001_5by8,90
complex.9_14_18_corrected_H_0001_5by8,94
complex.9_14_35_corrected_H_0001_5by8,97
complex.9_14_40_corrected_H_0001_5by8,90
complex.9_14_45_corrected_H_0001_5by8,100
complex.9_15_15_corrected_H_0001_5by8,96
complex.9_15_16_corrected_H_0001_5by8,97
complex.9_15_28_corrected_H_0001_5by8,94
complex.9_15_32_corrected_H_0001_5by8,92
complex.9_15_3_corrected_H_0001_5by8,104
complex.9_15_42_corrected_H_0001_5by8,90
complex.9_15_45_corrected_H_0001_5by8,105
complex.9_16_15_corrected_H_0001_5by8,104
complex.9_16_34_corrected_H_0001_5by8,97
complex.9_16_38_corrected_H_0001_5by8,106
complex.9_16_4_corrected_H_0001_5by8,104
complex.9_16_9_corrected_H_0001_5by8,95
complex.9_17_14_corrected_H_0001_5by8,107
complex.9_17_20_corrected_H_0001_5by8,99
complex.9_17_27_corrected_H_0001_5by8,110
complex.9_18_9_corrected_H_0001_5by8,101
complex.9_1_14_corrected_H_0001_5by8,17
complex.9_1_20_corrected_H_0001_5by8,23
complex.9_1_32_corrected_H_0001_5by8,55
complex.9_1_35_corrected_H_0001_5by8,38
complex.9_1_39_corrected_H_0001_5by8,25
complex.9_1_41_corrected_H_0001_5by8,18
complex.9_1_5_corrected_H_0001_5by8,27
complex.9_2_23_corrected_H_0001_5by8,31
complex.9_2_25_corrected_H_0001_5by8,45
complex.9_2_34_corrected_H_0001_5by8,26
complex.9_2_35_corrected_H_0001_5by8,25
complex.9_2_49_corrected_H_0001_5by8,39
complex.9_2_7_corrected_H_0001_5by8,56
complex.9_3_14_corrected_H_0001_5by8,40
complex.9_3_28_corrected_H_0001_5by8,22
complex.9_3_2_corrected_H_0001_5by8,46
complex.9_3_32_corrected_H_0001_5by8,31
complex.9_3_35_corrected_H_0001_5by8,29
complex.9_3_38_corrected_H_0001_5by8,46
complex.9_3_43_corrected_H_0001_5by8,37
complex.9_3_4_corrected_H_0001_5by8,27
complex.9_3_9_corrected_H_0001_5by8,27
complex.9_4_26_corrected_H_0001_5by8,25
complex.9_5_18_corrected_H_0001_5by8,46
complex.9_5_1_corrected_H_0001_5by8,55
complex.9_5_33_corrected_H_0001_5by8,25
complex.9_5_3_corrected_H_0001_5by8,34
complex.9_5_42_corrected_H_0001_5by8,42
complex.9_5_4_corrected_H_0001_5by8,59
complex.9_6_19_corrected_H_0001_5by8,68
complex.9_6_37_corrected_H_0001_5by8,62
complex.9_6_44_corrected_H_0001_5by8,59
complex.9_6_4_corrected_H_0001_5by8,61
complex.9_7_14_corrected_H_0001_5by8,42
complex.9_7_15_corrected_H_0001_5by8,59
complex.9_7_1_corrected_H_0001_5by8,47
complex.9_7_23_corrected_H_0001_5by8,45
complex.9_7_29_corrected_H_0001_5by8,55
complex.9_7_31_corrected_H_0001_5by8,50
complex.9_7_33_corrected_H_0001_5by8,86
complex.9_7_34_corrected_H_0001_5by8,41
complex.9_7_36_corrected_H_0001_5by8,61
complex.9_7_47_corrected_H_0001_5by8,86
complex.9_8_18_corrected_H_0001_5by8,63
complex.9_8_38_corrected_H_0001_5by8,62
complex.9_8_47_corrected_H_0001_5by8,51
complex.9_9_20_corrected_H_0001_5by8,82
complex.9_9_29_corrected_H_0001_5by8,68
complex.9_9_33_corrected_H_0001_5by8,98
complex.9_9_40_corrected_H_0001_5by8,89
complex.9_9_43_corrected_H_0001_5by8,58
complex.9_9_45_corrected_H_0001_5by8,71
complex.9_9_46_corrected_H_0001_5by8,80
complex.9_9_4_corrected_H_0001_5by8,56
complex.10110_2_corrected_H_0001_5by8,32
complex.10177_9_corrected_H_0001_5by8,24
complex.10240_9_corrected_H_0001_5by8,14
complex.10256_3_corrected_H_0001_5by8,52
complex.10353_3_corrected_H_0001_5by8,17
complex.10370_3_corrected_H_0001_5by8,37
complex.1039_0_corrected_H_0001_5by8,41
complex.10431_1_corrected_H_0001_5by8,28
complex.10564_6_corrected_H_0001_5by8,12
complex.10622_7_corrected_H_0001_5by8,17
complex.10636_9_corrected_H_0001_5by8,16
complex.10659_8_corrected_H_0001_5by8,23
complex.10692_8_corrected_H_0001_5by8,26
complex.10762_3_corrected_H_0001_5by8,21
complex.10774_5_corrected_H_0001_5by8,42
complex.10824_7_corrected_H_0001_5by8,32
complex.10906_2_corrected_H_0001_5by8,17
complex.11151_0_corrected_H_0001_5by8,38
complex.11208_1_corrected_H_0001_5by8,20
complex.11215_0_corrected_H_0001_5by8,32
complex.11262_5_corrected_H_0001_5by8,34
complex.11271_8_corrected_H_0001_5by8,15
complex.11337_6_corrected_H_0001_5by8,13
complex.11377_8_corrected_H_0001_5by8,16
complex.1143_2_corrected_H_0001_5by8,32
complex.11467_0_corrected_H_0001_5by8,25
complex.11471_5_corrected_H_0001_5by8,20
complex.11589_9_corrected_H_0001_5by8,18
complex.11744_4_corrected_H_0001_5by8,15
complex.11815_1_corrected_H_0001_5by8,14
complex.11852_8_corrected_H_0001_5by8,19
complex.11889_2_corrected_H_0001_5by8,13
complex.11898_5_corrected_H_0001_5by8,14
complex.11938_7_corrected_H_0001_5by8,28
complex.11961_4_corrected_H_0001_5by8,23
complex.11977_0_corrected_H_0001_5by8,36
complex.11995_8_corrected_H_0001_5by8,22
complex.12037_9_corrected_H_0001_5by8,27
complex.12166_7_corrected_H_0001_5by8,19
complex.12234_4_corrected_H_0001_5by8,15
complex.12279_0_corrected_H_0001_5by8,8
complex.12363_9_corrected_H_0001_5by8,22
complex.1237_0_corrected_H_0001_5by8,23
complex.12392_4_corrected_H_0001_5by8,20
complex.12460_7_corrected_H_0001_5by8,14
complex.12481_1_corrected_H_0001_5by8,12
complex.12556_5_corrected_H_0001_5by8,29
complex.12670_5_corrected_H_0001_5by8,19
complex.12672_5_corrected_H_0001_5by8,28
complex.12768_8_corrected_H_0001_5by8,16
complex.1279_6_corrected_H_0001_5by8,18
complex.12933_2_corrected_H_0001_5by8,19
complex.12949_5_corrected_H_0001_5by8,30
complex.13004_7_corrected_H_0001_5by8,14
complex.13041_2_corrected_H_0001_5by8,19
complex.13051_1_corrected_H_0001_5by8,15
complex.13086_4_corrected_H_0001_5by8,36
complex.13104_2_corrected_H_0001_5by8,54
complex.13110_9_corrected_H_0001_5by8,17
complex.13135_6_corrected_H_0001_5by8,27
complex.13141_4_corrected_H_0001_5by8,18
complex.13165_2_corrected_H_0001_5by8,25
complex.13195_9_corrected_H_0001_5by8,25
complex.13200_3_corrected_H_0001_5by8,19
complex.13358_0_corrected_H_0001_5by8,29
complex.13420_6_corrected_H_0001_5by8,17
complex.13434_9_corrected_H_0001_5by8,19
complex.13539_8_corrected_H_0001_5by8,10
complex.13615_2_corrected_H_0001_5by8,17
complex.13635_2_corrected_H_0001_5by8,15
complex.13674_7_corrected_H_0001_5by8,22
complex.13694_5_corrected_H_0001_5by8,27
complex.13698_7_corrected_H_0001_5by8,30
complex.13721_3_corrected_H_0001_5by8,16
complex.13757_0_corrected_H_0001_5by8,6
complex.13759_5_corrected_H_0001_5by8,26
complex.13816_0_corrected_H_0001_5by8,18
complex.1390_9_corrected_H_0001_5by8,21
complex.13951_5_corrected_H_0001_5by8,32
complex.13996_9_corrected_H_0001_5by8,28
complex.14002_3_corrected_H_0001_5by8,20
complex.14059_6_corrected_H_0001_5by8,30
complex.14075_8_corrected_H_0001_5by8,15
complex.14098_2_corrected_H_0001_5by8,30
complex.14101_5_corrected_H_0001_5by8,25
complex.14157_9_corrected_H_0001_5by8,37
complex.14194_6_corrected_H_0001_5by8,29
complex.14217_9_corrected_H_0001_5by8,14
complex.14350_3_corrected_H_0001_5by8,13
complex.14439_6_corrected_H_0001_5by8,30
complex.14473_3_corrected_H_0001_5by8,17
complex.14494_3_corrected_H_0001_5by8,23
complex.14551_3_corrected_H_0001_5by8,25
complex.14647_3_corrected_H_0001_5by8,26
complex.14676_4_corrected_H_0001_5by8,16
complex.14680_4_corrected_H_0001_5by8,15
complex.14733_3_corrected_H_0001_5by8,22
complex.14734_1_corrected_H_0001_5by8,24
complex.14777_5_corrected_H_0001_5by8,26
complex.14826_1_corrected_H_0001_5by8,19
complex.14916_2_corrected_H_0001_5by8,31
complex.14939_9_corrected_H_0001_5by8,13
complex.14945_9_corrected_H_0001_5by8,16
complex.1495_0_corrected_H_0001_5by8,16
complex.15034_5_corrected_H_0001_5by8,26
complex.15064_6_corrected_H_0001_5by8,11
complex.15108_2_corrected_H_0001_5by8,36
complex.15109_9_corrected_H_0001_5by8,36
complex.15161_4_corrected_H_0001_5by8,12
complex.15238_1_corrected_H_0001_5by8,9
complex.15338_5_corrected_H_0001_5by8,19
complex.15339_3_corrected_H_0001_5by8,10
complex.15360_8_corrected_H_0001_5by8,24
complex.1537_3_corrected_H_0001_5by8,27
complex.15384_5_corrected_H_0001_5by8,17
complex.15425_2_corrected_H_0001_5by8,9
complex.15456_9_corrected_H_0001_5by8,16
complex.15508_0_corrected_H_0001_5by8,42
complex.15513_4_corrected_H_0001_5by8,11
complex.15543_3_corrected_H_0001_5by8,26
complex.15624_6_corrected_H_0001_5by8,14
complex.1562_7_corrected_H_0001_5by8,16
complex.1567_6_corrected_H_0001_5by8,42
complex.15725_2_corrected_H_0001_5by8,18
complex.15726_1_corrected_H_0001_5by8,30
complex.15784_7_corrected_H_0001_5by8,18
complex.15814_0_corrected_H_0001_5by8,16
complex.15921_4_corrected_H_0001_5by8,38
complex.15979_7_corrected_H_0001_5by8,22
complex.16029_3_corrected_H_0001_5by8,15
complex.16062_9_corrected_H_0001_5by8,39
complex.16287_9_corrected_H_0001_5by8,25
complex.16359_8_corrected_H_0001_5by8,15
complex.16363_8_corrected_H_0001_5by8,15
complex.16385_4_corrected_H_0001_5by8,18
complex.1638_3_corrected_H_0001_5by8,27
complex.16423_7_corrected_H_0001_5by8,18
complex.165_0_corrected_H_0001_5by8,38
complex.16632_6_corrected_H_0001_5by8,14
complex.1663_0_corrected_H_0001_5by8,51
complex.16670_1_corrected_H_0001_5by8,8
complex.16683_8_corrected_H_0001_5by8,12
complex.16694_8_corrected_H_0001_5by8,15
complex.16746_4_corrected_H_0001_5by8,35
complex.1678_1_corrected_H_0001_5by8,25
complex.1681_2_corrected_H_0001_5by8,51
complex.16882_3_corrected_H_0001_5by8,22
complex.16922_3_corrected_H_0001_5by8,20
complex.16934_0_corrected_H_0001_5by8,39
complex.1695_6_corrected_H_0001_5by8,31
complex.17023_0_corrected_H_0001_5by8,18
complex.17122_8_corrected_H_0001_5by8,18
complex.17176_6_corrected_H_0001_5by8,30
complex.17187_0_corrected_H_0001_5by8,20
complex.17234_1_corrected_H_0001_5by8,17
complex.17237_1_corrected_H_0001_5by8,14
complex.17301_4_corrected_H_0001_5by8,34
complex.17322_0_corrected_H_0001_5by8,32
complex.17445_9_corrected_H_0001_5by8,32
complex.17522_6_corrected_H_0001_5by8,34
complex.17550_3_corrected_H_0001_5by8,24
complex.17728_9_corrected_H_0001_5by8,13
complex.17745_1_corrected_H_0001_5by8,25
complex.17839_3_corrected_H_0001_5by8,22
complex.17842_4_corrected_H_0001_5by8,15
complex.17863_2_corrected_H_0001_5by8,23
complex.17868_0_corrected_H_0001_5by8,15
complex.17896_3_corrected_H_0001_5by8,7
complex.17953_1_corrected_H_0001_5by8,18
complex.17975_0_corrected_H_0001_5by8,6
complex.18070_8_corrected_H_0001_5by8,17
complex.18073_3_corrected_H_0001_5by8,10
complex.18117_8_corrected_H_0001_5by8,25
complex.18176_5_corrected_H_0001_5by8,15
complex.18245_0_corrected_H_0001_5by8,31
complex.18267_4_corrected_H_0001_5by8,21
complex.18453_1_corrected_H_0001_5by8,12
complex.18471_5_corrected_H_0001_5by8,18
complex.1851_9_corrected_H_0001_5by8,21
complex.18531_7_corrected_H_0001_5by8,21
complex.18551_7_corrected_H_0001_5by8,24
complex.18662_2_corrected_H_0001_5by8,15
complex.18665_1_corrected_H_0001_5by8,27
complex.1867_2_corrected_H_0001_5by8,29
complex.18692_5_corrected_H_0001_5by8,22
complex.18702_8_corrected_H_0001_5by8,29
complex.18735_7_corrected_H_0001_5by8,16
complex.18766_7_corrected_H_0001_5by8,30
complex.19051_3_corrected_H_0001_5by8,20
complex.19132_0_corrected_H_0001_5by8,24
complex.19157_5_corrected_H_0001_5by8,15
complex.19367_0_corrected_H_0001_5by8,28
complex.19381_9_corrected_H_0001_5by8,13
complex.19401_1_corrected_H_0001_5by8,19
complex.19401_9_corrected_H_0001_5by8,21
complex.19415_0_corrected_H_0001_5by8,27
complex.19515_0_corrected_H_0001_5by8,21
complex.19515_9_corrected_H_0001_5by8,23
complex.19517_5_corrected_H_0001_5by8,23
complex.19527_7_corrected_H_0001_5by8,31
complex.19529_1_corrected_H_0001_5by8,17
complex.19574_8_corrected_H_0001_5by8,18
complex.19746_1_corrected_H_0001_5by8,18
complex.19790_4_corrected_H_0001_5by8,40
complex.19799_1_corrected_H_0001_5by8,19
complex.19855_9_corrected_H_0001_5by8,24
complex.19910_4_corrected_H_0001_5by8,30
complex.19916_1_corrected_H_0001_5by8,14
complex.19925_8_corrected_H_0001_5by8,29
complex.19929_6_corrected_H_0001_5by8,20
complex.19961_2_corrected_H_0001_5by8,22
complex.19970_2_corrected_H_0001_5by8,7
complex.20008_3_corrected_H_0001_5by8,7
complex.20055_0_corrected_H_0001_5by8,33
complex.20056_5_corrected_H_0001_5by8,22
complex.20078_7_corrected_H_0001_5by8,21
complex.20091_3_corrected_H_0001_5by8,26
complex.20147_3_corrected_H_0001_5by8,46
complex.20167_0_corrected_H_0001_5by8,14
complex.20327_6_corrected_H_0001_5by8,22
complex.2032_3_corrected_H_0001_5by8,23
complex.20335_3_corrected_H_0001_5by8,17
complex.20418_1_corrected_H_0001_5by8,13
complex.20439_2_corrected_H_0001_5by8,14
complex.20448_1_corrected_H_0001_5by8,10
complex.20518_3_corrected_H_0001_5by8,31
complex.20609_8_corrected_H_0001_5by8,16
complex.20618_8_corrected_H_0001_5by8,14
complex.20666_4_corrected_H_0001_5by8,17
complex.20717_2_corrected_H_0001_5by8,25
complex.20728_0_corrected_H_0001_5by8,8
complex.20809_0_corrected_H_0001_5by8,17
complex.20880_1_corrected_H_0001_5by8,24
complex.2098_4_corrected_H_0001_5by8,30
complex.21077_8_corrected_H_0001_5by8,28
complex.21129_8_corrected_H_0001_5by8,10
complex.21139_6_corrected_H_0001_5by8,16
complex.21158_4_corrected_H_0001_5by8,9
complex.21215_6_corrected_H_0001_5by8,9
complex.21217_2_corrected_H_0001_5by8,18
complex.21236_5_corrected_H_0001_5by8,24
complex.21278_6_corrected_H_0001_5by8,17
complex.2146_9_corrected_H_0001_5by8,22
complex.21549_9_corrected_H_0001_5by8,35
complex.2162_0_corrected_H_0001_5by8,21
complex.21737_6_corrected_H_0001_5by8,29
complex.21796_1_corrected_H_0001_5by8,18
complex.21797_2_corrected_H_0001_5by8,13
complex.21903_2_corrected_H_0001_5by8,27
complex.21955_5_corrected_H_0001_5by8,31
complex.22059_8_corrected_H_0001_5by8,11
complex.22205_0_corrected_H_0001_5by8,34
complex.22273_1_corrected_H_0001_5by8,13
complex.22288_7_corrected_H_0001_5by8,14
complex.22338_4_corrected_H_0001_5by8,16
complex.22351_5_corrected_H_0001_5by8,23
complex.22362_7_corrected_H_0001_5by8,39
complex.22422_6_corrected_H_0001_5by8,20
complex.22517_9_corrected_H_0001_5by8,24
complex.22523_4_corrected_H_0001_5by8,11
complex.2253_2_corrected_H_0001_5by8,14
complex.22548_7_corrected_H_0001_5by8,28
complex.22601_3_corrected_H_0001_5by8,23
complex.2260_6_corrected_H_0001_5by8,26
complex.22618_5_corrected_H_0001_5by8,21
complex.22693_9_corrected_H_0001_5by8,7
complex.22766_8_corrected_H_0001_5by8,19
complex.22792_7_corrected_H_0001_5by8,17
complex.22810_1_corrected_H_0001_5by8,34
complex.22812_9_corrected_H_0001_5by8,20
complex.22823_8_corrected_H_0001_5by8,36
complex.22844_1_corrected_H_0001_5by8,16
complex.22936_9_corrected_H_0001_5by8,13
complex.22979_3_corrected_H_0001_5by8,24
complex.2298_2_corrected_H_0001_5by8,25
complex.23023_0_corrected_H_0001_5by8,14
complex.2302_1_corrected_H_0001_5by8,26
complex.23085_3_corrected_H_0001_5by8,31
complex.2310_2_corrected_H_0001_5by8,22
complex.23139_5_corrected_H_0001_5by8,31
complex.23162_9_corrected_H_0001_5by8,25
complex.23178_6_corrected_H_0001_5by8,23
complex.23248_3_corrected_H_0001_5by8,18
complex.23320_1_corrected_H_0001_5by8,11
complex.23348_3_corrected_H_0001_5by8,19
complex.23371_0_corrected_H_0001_5by8,14
complex.23372_9_corrected_H_0001_5by8,19
complex.23475_1_corrected_H_0001_5by8,16
complex.23565_4_corrected_H_0001_5by8,11
complex.23632_7_corrected_H_0001_5by8,20
complex.23650_4_corrected_H_0001_5by8,22
complex.2367_3_corrected_H_0001_5by8,34
complex.23792_5_corrected_H_0001_5by8,24
complex.23909_7_corrected_H_0001_5by8,16
complex.24022_8_corrected_H_0001_5by8,19
complex.24139_0_corrected_H_0001_5by8,39
complex.24318_0_corrected_H_0001_5by8,17
complex.24381_3_corrected_H_0001_5by8,16
complex.24406_1_corrected_H_0001_5by8,23
complex.24411_3_corrected_H_0001_5by8,22
complex.2444_1_corrected_H_0001_5by8,21
complex.24450_4_corrected_H_0001_5by8,10
complex.24462_2_corrected_H_0001_5by8,23
complex.24523_1_corrected_H_0001_5by8,20
complex.24719_3_corrected_H_0001_5by8,21
complex.24805_7_corrected_H_0001_5by8,21
complex.24813_4_corrected_H_0001_5by8,22
complex.24858_4_corrected_H_0001_5by8,7
complex.24997_0_corrected_H_0001_5by8,42
complex.24998_9_corrected_H_0001_5by8,28
complex.25136_2_corrected_H_0001_5by8,17
complex.25144_0_corrected_H_0001_5by8,38
complex.25153_4_corrected_H_0001_5by8,18
complex.25182_1_corrected_H_0001_5by8,15
complex.25210_5_corrected_H_0001_5by8,20
complex.25298_2_corrected_H_0001_5by8,16
complex.2544_8_corrected_H_0001_5by8,33
complex.25479_7_corrected_H_0001_5by8,15
complex.25496_3_corrected_H_0001_5by8,19
complex.25535_5_corrected_H_0001_5by8,13
complex.25554_8_corrected_H_0001_5by8,33
complex.25562_2_corrected_H_0001_5by8,16
complex.25570_9_corrected_H_0001_5by8,17
complex.25613_7_corrected_H_0001_5by8,11
complex.25705_3_corrected_H_0001_5by8,26
complex.2584_1_corrected_H_0001_5by8,21
complex.2594_3_corrected_H_0001_5by8,20
complex.25974_0_corrected_H_0001_5by8,12
complex.26000_3_corrected_H_0001_5by8,20
complex.2619_6_corrected_H_0001_5by8,24
complex.26253_2_corrected_H_0001_5by8,16
complex.2625_2_corrected_H_0001_5by8,38
complex.26306_1_corrected_H_0001_5by8,18
complex.26379_9_corrected_H_0001_5by8,28
complex.26420_0_corrected_H_0001_5by8,25
complex.26722_4_corrected_H_0001_5by8,42
complex.26826_3_corrected_H_0001_5by8,20
complex.26833_8_corrected_H_0001_5by8,18
complex.26860_6_corrected_H_0001_5by8,30
complex.26889_2_corrected_H_0001_5by8,28
complex.26944_4_corrected_H_0001_5by8,35
complex.26989_4_corrected_H_0001_5by8,21
complex.2727_8_corrected_H_0001_5by8,16
complex.27349_0_corrected_H_0001_5by8,31
complex.27453_7_corrected_H_0001_5by8,24
complex.27505_4_corrected_H_0001_5by8,17
complex.27564_1_corrected_H_0001_5by8,18
complex.27585_5_corrected_H_0001_5by8,33
complex.27687_8_corrected_H_0001_5by8,19
complex.27729_0_corrected_H_0001_5by8,34
complex.27776_8_corrected_H_0001_5by8,10
complex.27820_2_corrected_H_0001_5by8,27
complex.27834_9_corrected_H_0001_5by8,26
complex.27837_5_corrected_H_0001_5by8,19
complex.27847_1_corrected_H_0001_5by8,16
complex.27863_6_corrected_H_0001_5by8,31
complex.27868_6_corrected_H_0001_5by8,11
complex.27896_3_corrected_H_0001_5by8,14
complex.27914_7_corrected_H_0001_5by8,16
complex.27983_3_corrected_H_0001_5by8,21
complex.27985_6_corrected_H_0001_5by8,22
complex.27995_7_corrected_H_0001_5by8,17
complex.28024_4_corrected_H_0001_5by8,7
complex.28031_0_corrected_H_0001_5by8,12
complex.28044_9_corrected_H_0001_5by8,23
complex.28089_5_corrected_H_0001_5by8,20
complex.2815_4_corrected_H_0001_5by8,24
complex.28193_5_corrected_H_0001_5by8,8
complex.28204_8_corrected_H_0001_5by8,15
complex.28318_6_corrected_H_0001_5by8,23
complex.28345_3_corrected_H_0001_5by8,30
complex.28362_0_corrected_H_0001_5by8,24
complex.28400_8_corrected_H_0001_5by8,31
complex.28480_5_corrected_H_0001_5by8,13
complex.28503_9_corrected_H_0001_5by8,8
complex.28562_7_corrected_H_0001_5by8,22
complex.28650_4_corrected_H_0001_5by8,24
complex.28650_8_corrected_H_0001_5by8,24
complex.28731_1_corrected_H_0001_5by8,31
complex.2879_0_corrected_H_0001_5by8,27
complex.28801_1_corrected_H_0001_5by8,18
complex.28887_8_corrected_H_0001_5by8,17
complex.28987_9_corrected_H_0001_5by8,25
complex.29070_0_corrected_H_0001_5by8,19
complex.29126_4_corrected_H_0001_5by8,11
complex.29152_4_corrected_H_0001_5by8,13
complex.29285_2_corrected_H_0001_5by8,10
complex.29352_6_corrected_H_0001_5by8,19
complex.29420_4_corrected_H_0001_5by8,25
complex.29432_9_corrected_H_0001_5by8,11
complex.29463_8_corrected_H_0001_5by8,16
complex.29502_0_corrected_H_0001_5by8,19
complex.29522_4_corrected_H_0001_5by8,14
complex.29569_1_corrected_H_0001_5by8,17
complex.29624_2_corrected_H_0001_5by8,38
complex.29713_7_corrected_H_0001_5by8,13
complex.29732_6_corrected_H_0001_5by8,14
complex.29772_2_corrected_H_0001_5by8,25
complex.29779_6_corrected_H_0001_5by8,14
complex.29783_1_corrected_H_0001_5by8,15
complex.2982_8_corrected_H_0001_5by8,29
complex.29865_2_corrected_H_0001_5by8,15
complex.30081_9_corrected_H_0001_5by8,20
complex.30092_2_corrected_H_0001_5by8,16
complex.30205_0_corrected_H_0001_5by8,19
complex.30217_4_corrected_H_0001_5by8,3
complex.30232_7_corrected_H_0001_5by8,20
complex.30320_3_corrected_H_0001_5by8,23
complex.30322_7_corrected_H_0001_5by8,15
complex.30362_6_corrected_H_0001_5by8,15
complex.30389_1_corrected_H_0001_5by8,14
complex.30454_9_corrected_H_0001_5by8,20
complex.30620_4_corrected_H_0001_5by8,28
complex.30636_9_corrected_H_0001_5by8,29
complex.30656_1_corrected_H_0001_5by8,30
complex.30677_5_corrected_H_0001_5by8,9
complex.30689_3_corrected_H_0001_5by8,20
complex.3069_9_corrected_H_0001_5by8,19
complex.30726_2_corrected_H_0001_5by8,23
complex.30745_0_corrected_H_0001_5by8,14
complex.30780_2_corrected_H_0001_5by8,10
complex.30787_2_corrected_H_0001_5by8,22
complex.30791_7_corrected_H_0001_5by8,27
complex.30813_3_corrected_H_0001_5by8,16
complex.30974_0_corrected_H_0001_5by8,32
complex.31036_3_corrected_H_0001_5by8,29
complex.31295_8_corrected_H_0001_5by8,22
complex.31302_9_corrected_H_0001_5by8,27
complex.31344_2_corrected_H_0001_5by8,15
complex.31370_9_corrected_H_0001_5by8,4
complex.31404_6_corrected_H_0001_5by8,22
complex.31419_4_corrected_H_0001_5by8,23
complex.31435_4_corrected_H_0001_5by8,28
complex.31463_7_corrected_H_0001_5by8,24
complex.31568_6_corrected_H_0001_5by8,32
complex.31646_6_corrected_H_0001_5by8,12
complex.3165_5_corrected_H_0001_5by8,31
complex.31719_0_corrected_H_0001_5by8,20
complex.31744_6_corrected_H_0001_5by8,35
complex.31798_2_corrected_H_0001_5by8,7
complex.31826_5_corrected_H_0001_5by8,18
complex.31845_3_corrected_H_0001_5by8,14
complex.31873_3_corrected_H_0001_5by8,17
complex.31896_3_corrected_H_0001_5by8,19
complex.32059_0_corrected_H_0001_5by8,20
complex.32144_2_corrected_H_0001_5by8,9
complex.32254_9_corrected_H_0001_5by8,19
complex.323_2_corrected_H_0001_5by8,36
complex.32415_1_corrected_H_0001_5by8,14
complex.32438_5_corrected_H_0001_5by8,20
complex.32451_8_corrected_H_0001_5by8,29
complex.32456_6_corrected_H_0001_5by8,30
complex.32467_7_corrected_H_0001_5by8,15
complex.32528_1_corrected_H_0001_5by8,22
complex.32535_9_corrected_H_0001_5by8,12
complex.32567_0_corrected_H_0001_5by8,21
complex.32583_5_corrected_H_0001_5by8,29
complex.32595_9_corrected_H_0001_5by8,37
complex.32609_3_corrected_H_0001_5by8,25
complex.32616_7_corrected_H_0001_5by8,10
complex.32627_6_corrected_H_0001_5by8,4
complex.32627_8_corrected_H_0001_5by8,16
complex.32820_0_corrected_H_0001_5by8,32
complex.32836_3_corrected_H_0001_5by8,22
complex.32874_7_corrected_H_0001_5by8,22
complex.3287_8_corrected_H_0001_5by8,31
complex.32882_5_corrected_H_0001_5by8,16
complex.32901_7_corrected_H_0001_5by8,21
complex.32929_7_corrected_H_0001_5by8,13
complex.33000_4_corrected_H_0001_5by8,20
complex.33069_2_corrected_H_0001_5by8,15
complex.33106_0_corrected_H_0001_5by8,14
complex.33116_8_corrected_H_0001_5by8,12
complex.33168_7_corrected_H_0001_5by8,23
complex.33174_6_corrected_H_0001_5by8,21
complex.33391_1_corrected_H_0001_5by8,21
complex.33451_4_corrected_H_0001_5by8,18
complex.33489_0_corrected_H_0001_5by8,26
complex.33489_8_corrected_H_0001_5by8,20
complex.33531_5_corrected_H_0001_5by8,17
complex.33534_5_corrected_H_0001_5by8,24
complex.3355_4_corrected_H_0001_5by8,28
complex.33577_1_corrected_H_0001_5by8,13
complex.3362_7_corrected_H_0001_5by8,47
complex.33670_5_corrected_H_0001_5by8,23
complex.33680_6_corrected_H_0001_5by8,11
complex.33699_2_corrected_H_0001_5by8,15
complex.3374_0_corrected_H_0001_5by8,17
complex.33774_6_corrected_H_0001_5by8,23
complex.33975_7_corrected_H_0001_5by8,11
complex.33986_1_corrected_H_0001_5by8,31
complex.34026_6_corrected_H_0001_5by8,19
complex.34032_3_corrected_H_0001_5by8,12
complex.34039_3_corrected_H_0001_5by8,14
complex.34113_5_corrected_H_0001_5by8,26
complex.34163_9_corrected_H_0001_5by8,15
complex.34246_3_corrected_H_0001_5by8,19
complex.34270_9_corrected_H_0001_5by8,17
complex.34299_6_corrected_H_0001_5by8,16
complex.34316_5_corrected_H_0001_5by8,19
complex.34417_8_corrected_H_0001_5by8,13
complex.34545_1_corrected_H_0001_5by8,26
complex.34680_8_corrected_H_0001_5by8,20
complex.34734_7_corrected_H_0001_5by8,26
complex.34757_0_corrected_H_0001_5by8,13
complex.34763_4_corrected_H_0001_5by8,24
complex.34803_2_corrected_H_0001_5by8,7
complex.34907_2_corrected_H_0001_5by8,11
complex.34923_1_corrected_H_0001_5by8,23
complex.3500_4_corrected_H_0001_5by8,19
complex.35040_2_corrected_H_0001_5by8,23
complex.35062_4_corrected_H_0001_5by8,21
complex.35088_8_corrected_H_0001_5by8,19
complex.35149_9_corrected_H_0001_5by8,20
complex.35156_6_corrected_H_0001_5by8,27
complex.35199_7_corrected_H_0001_5by8,19
complex.35206_1_corrected_H_0001_5by8,16
complex.35234_0_corrected_H_0001_5by8,24
complex.3526_1_corrected_H_0001_5by8,20
complex.35273_0_corrected_H_0001_5by8,11
complex.35279_4_corrected_H_0001_5by8,14
complex.35321_9_corrected_H_0001_5by8,25
complex.35416_9_corrected_H_0001_5by8,20
complex.35417_1_corrected_H_0001_5by8,5
complex.35485_3_corrected_H_0001_5by8,12
complex.35517_1_corrected_H_0001_5by8,22
complex.35536_4_corrected_H_0001_5by8,15
complex.35561_6_corrected_H_0001_5by8,10
complex.35589_0_corrected_H_0001_5by8,31
complex.35612_3_corrected_H_0001_5by8,25
complex.35665_7_corrected_H_0001_5by8,22
complex.35707_4_corrected_H_0001_5by8,12
complex.35771_6_corrected_H_0001_5by8,9
complex.35822_9_corrected_H_0001_5by8,38
complex.35929_7_corrected_H_0001_5by8,21
complex.36081_9_corrected_H_0001_5by8,13
complex.36096_3_corrected_H_0001_5by8,15
complex.36120_2_corrected_H_0001_5by8,35
complex.36176_1_corrected_H_0001_5by8,18
complex.3619_1_corrected_H_0001_5by8,23
complex.36274_1_corrected_H_0001_5by8,28
complex.36287_9_corrected_H_0001_5by8,17
complex.36425_7_corrected_H_0001_5by8,30
complex.36492_9_corrected_H_0001_5by8,25
complex.36527_6_corrected_H_0001_5by8,7
complex.36528_0_corrected_H_0001_5by8,11
complex.36569_6_corrected_H_0001_5by8,19
complex.36591_9_corrected_H_0001_5by8,28
complex.36630_7_corrected_H_0001_5by8,14
complex.36636_2_corrected_H_0001_5by8,19
complex.36646_4_corrected_H_0001_5by8,14
complex.36647_4_corrected_H_0001_5by8,23
complex.366_6_corrected_H_0001_5by8,52
complex.36754_2_corrected_H_0001_5by8,10
complex.36806_5_corrected_H_0001_5by8,11
complex.36833_3_corrected_H_0001_5by8,21
complex.36874_9_corrected_H_0001_5by8,15
complex.36897_8_corrected_H_0001_5by8,11
complex.36965_7_corrected_H_0001_5by8,8
complex.36989_0_corrected_H_0001_5by8,10
complex.37045_0_corrected_H_0001_5by8,11
complex.3704_0_corrected_H_0001_5by8,21
complex.37076_1_corrected_H_0001_5by8,16
complex.37119_4_corrected_H_0001_5by8,12
complex.37121_1_corrected_H_0001_5by8,11
complex.3723_1_corrected_H_0001_5by8,19
complex.37314_8_corrected_H_0001_5by8,13
complex.37333_0_corrected_H_0001_5by8,29
complex.3735_4_corrected_H_0001_5by8,10
complex.37383_3_corrected_H_0001_5by8,10
complex.37402_7_corrected_H_0001_5by8,21
complex.3740_8_corrected_H_0001_5by8,34
complex.37439_3_corrected_H_0001_5by8,19
complex.37442_9_corrected_H_0001_5by8,16
complex.37518_6_corrected_H_0001_5by8,17
complex.37519_7_corrected_H_0001_5by8,38
complex.37528_5_corrected_H_0001_5by8,20
complex.37696_8_corrected_H_0001_5by8,25
complex.37728_3_corrected_H_0001_5by8,15
complex.37802_1_corrected_H_0001_5by8,14
complex.37870_8_corrected_H_0001_5by8,29
complex.37945_9_corrected_H_0001_5by8,15
complex.37946_8_corrected_H_0001_5by8,22
complex.37971_8_corrected_H_0001_5by8,22
complex.37987_3_corrected_H_0001_5by8,28
complex.38040_9_corrected_H_0001_5by8,20
complex.38048_5_corrected_H_0001_5by8,29
complex.38050_1_corrected_H_0001_5by8,24
complex.38074_2_corrected_H_0001_5by8,19
complex.38126_1_corrected_H_0001_5by8,20
complex.38201_2_corrected_H_0001_5by8,13
complex.38221_9_corrected_H_0001_5by8,22
complex.38407_3_corrected_H_0001_5by8,31
complex.38420_6_corrected_H_0001_5by8,29
complex.38432_0_corrected_H_0001_5by8,19
complex.38531_5_corrected_H_0001_5by8,34
complex.38535_4_corrected_H_0001_5by8,15
complex.38606_6_corrected_H_0001_5by8,15
complex.3861_7_corrected_H_0001_5by8,30
complex.38644_0_corrected_H_0001_5by8,33
complex.38676_6_corrected_H_0001_5by8,20
complex.38714_2_corrected_H_0001_5by8,31
complex.38727_4_corrected_H_0001_5by8,28
complex.38777_4_corrected_H_0001_5by8,13
complex.38781_4_corrected_H_0001_5by8,20
complex.38822_5_corrected_H_0001_5by8,18
complex.38996_1_corrected_H_0001_5by8,18
complex.3910_3_corrected_H_0001_5by8,20
complex.39125_7_corrected_H_0001_5by8,7
complex.39165_7_corrected_H_0001_5by8,29
complex.39190_7_corrected_H_0001_5by8,18
complex.39220_4_corrected_H_0001_5by8,11
complex.39261_9_corrected_H_0001_5by8,11
complex.39282_9_corrected_H_0001_5by8,26
complex.39302_8_corrected_H_0001_5by8,11
complex.39326_0_corrected_H_0001_5by8,20
complex.39339_7_corrected_H_0001_5by8,27
complex.39344_3_corrected_H_0001_5by8,14
complex.39421_7_corrected_H_0001_5by8,35
complex.39477_8_corrected_H_0001_5by8,14
complex.39482_1_corrected_H_0001_5by8,12
complex.39489_2_corrected_H_0001_5by8,18
complex.39533_8_corrected_H_0001_5by8,17
complex.39578_0_corrected_H_0001_5by8,13
complex.39590_6_corrected_H_0001_5by8,7
complex.39601_5_corrected_H_0001_5by8,24
complex.39602_9_corrected_H_0001_5by8,30
complex.39659_3_corrected_H_0001_5by8,14
complex.39807_8_corrected_H_0001_5by8,8
complex.39894_5_corrected_H_0001_5by8,12
complex.39914_3_corrected_H_0001_5by8,21
complex.39923_6_corrected_H_0001_5by8,23
complex.39963_1_corrected_H_0001_5by8,19
complex.40161_5_corrected_H_0001_5by8,4
complex.40179_3_corrected_H_0001_5by8,8
complex.40180_9_corrected_H_0001_5by8,29
complex.40182_6_corrected_H_0001_5by8,17
complex.401_4_corrected_H_0001_5by8,18
complex.40204_7_corrected_H_0001_5by8,22
complex.40278_4_corrected_H_0001_5by8,18
complex.40284_5_corrected_H_0001_5by8,25
complex.40366_1_corrected_H_0001_5by8,21
complex.40366_5_corrected_H_0001_5by8,15
complex.40618_4_corrected_H_0001_5by8,33
complex.40628_6_corrected_H_0001_5by8,8
complex.40653_2_corrected_H_0001_5by8,22
complex.40657_7_corrected_H_0001_5by8,27
complex.40663_5_corrected_H_0001_5by8,21
complex.40713_1_corrected_H_0001_5by8,18
complex.4072_7_corrected_H_0001_5by8,13
complex.40780_8_corrected_H_0001_5by8,12
complex.40835_7_corrected_H_0001_5by8,9
complex.40877_6_corrected_H_0001_5by8,30
complex.4092_1_corrected_H_0001_5by8,27
complex.41021_4_corrected_H_0001_5by8,16
complex.41044_1_corrected_H_0001_5by8,21
complex.41076_8_corrected_H_0001_5by8,36
complex.41198_0_corrected_H_0001_5by8,16
complex.41215_7_corrected_H_0001_5by8,23
complex.4121_0_corrected_H_0001_5by8,34
complex.41275_1_corrected_H_0001_5by8,23
complex.41280_3_corrected_H_0001_5by8,10
complex.4129_8_corrected_H_0001_5by8,30
complex.41320_2_corrected_H_0001_5by8,13
complex.41369_7_corrected_H_0001_5by8,31
complex.41414_4_corrected_H_0001_5by8,20
complex.41506_1_corrected_H_0001_5by8,14
complex.41556_9_corrected_H_0001_5by8,20
complex.41654_8_corrected_H_0001_5by8,15
complex.41738_8_corrected_H_0001_5by8,12
complex.41853_8_corrected_H_0001_5by8,25
complex.41864_4_corrected_H_0001_5by8,16
complex.41981_2_corrected_H_0001_5by8,14
complex.41992_1_corrected_H_0001_5by8,41
complex.42059_7_corrected_H_0001_5by8,20
complex.42072_5_corrected_H_0001_5by8,38
complex.42149_7_corrected_H_0001_5by8,31
complex.4233_3_corrected_H_0001_5by8,26
complex.42378_9_corrected_H_0001_5by8,14
complex.4240_4_corrected_H_0001_5by8,30
complex.42503_6_corrected_H_0001_5by8,27
complex.42556_8_corrected_H_0001_5by8,12
complex.42563_3_corrected_H_0001_5by8,18
complex.42589_5_corrected_H_0001_5by8,19
complex.42596_7_corrected_H_0001_5by8,24
complex.4261_1_corrected_H_0001_5by8,24
complex.42621_9_corrected_H_0001_5by8,15
complex.42719_3_corrected_H_0001_5by8,32
complex.42730_6_corrected_H_0001_5by8,28
complex.4273_6_corrected_H_0001_5by8,24
complex.42744_6_corrected_H_0001_5by8,14
complex.42790_5_corrected_H_0001_5by8,11
complex.42805_6_corrected_H_0001_5by8,19
complex.43011_2_corrected_H_0001_5by8,14
complex.43108_6_corrected_H_0001_5by8,14
complex.43156_9_corrected_H_0001_5by8,14
complex.43157_1_corrected_H_0001_5by8,21
complex.43216_8_corrected_H_0001_5by8,11
complex.43261_7_corrected_H_0001_5by8,22
complex.43265_3_corrected_H_0001_5by8,10
complex.43266_7_corrected_H_0001_5by8,18
complex.43281_2_corrected_H_0001_5by8,19
complex.43335_9_corrected_H_0001_5by8,26
complex.43354_6_corrected_H_0001_5by8,13
complex.43385_1_corrected_H_0001_5by8,27
complex.433_0_corrected_H_0001_5by8,30
complex.4344_6_corrected_H_0001_5by8,42
complex.4354_2_corrected_H_0001_5by8,22
complex.43571_1_corrected_H_0001_5by8,20
complex.43598_7_corrected_H_0001_5by8,22
complex.43648_4_corrected_H_0001_5by8,15
complex.43712_2_corrected_H_0001_5by8,15
complex.43893_8_corrected_H_0001_5by8,12
complex.43894_3_corrected_H_0001_5by8,12
complex.44012_6_corrected_H_0001_5by8,13
complex.44050_9_corrected_H_0001_5by8,30
complex.44081_6_corrected_H_0001_5by8,32
complex.4415_2_corrected_H_0001_5by8,33
complex.44256_9_corrected_H_0001_5by8,15
complex.44277_0_corrected_H_0001_5by8,5
complex.44281_3_corrected_H_0001_5by8,23
complex.44286_3_corrected_H_0001_5by8,13
complex.44375_5_corrected_H_0001_5by8,10
complex.4441_6_corrected_H_0001_5by8,34
complex.44442_4_corrected_H_0001_5by8,17
complex.44475_2_corrected_H_0001_5by8,13
complex.44493_5_corrected_H_0001_5by8,13
complex.44547_9_corrected_H_0001_5by8,24
complex.44601_6_corrected_H_0001_5by8,37
complex.44631_1_corrected_H_0001_5by8,11
complex.44633_8_corrected_H_0001_5by8,29
complex.44676_5_corrected_H_0001_5by8,22
complex.44686_1_corrected_H_0001_5by8,7
complex.44699_3_corrected_H_0001_5by8,22
complex.44705_2_corrected_H_0001_5by8,23
complex.44722_7_corrected_H_0001_5by8,7
complex.44744_3_corrected_H_0001_5by8,8
complex.44790_9_corrected_H_0001_5by8,16
complex.45009_6_corrected_H_0001_5by8,6
complex.45077_7_corrected_H_0001_5by8,21
complex.45095_0_corrected_H_0001_5by8,24
complex.45132_4_corrected_H_0001_5by8,18
complex.45180_4_corrected_H_0001_5by8,21
complex.45194_2_corrected_H_0001_5by8,18
complex.45216_3_corrected_H_0001_5by8,11
complex.4523_1_corrected_H_0001_5by8,17
complex.45315_6_corrected_H_0001_5by8,31
complex.45319_4_corrected_H_0001_5by8,15
complex.45397_3_corrected_H_0001_5by8,13
complex.45416_0_corrected_H_0001_5by8,17
complex.45454_6_corrected_H_0001_5by8,27
complex.45621_8_corrected_H_0001_5by8,28
complex.4563_8_corrected_H_0001_5by8,31
complex.45662_1_corrected_H_0001_5by8,14
complex.45668_3_corrected_H_0001_5by8,9
complex.45744_4_corrected_H_0001_5by8,14
complex.45945_6_corrected_H_0001_5by8,14
complex.45964_0_corrected_H_0001_5by8,15
complex.45966_0_corrected_H_0001_5by8,30
complex.45973_2_corrected_H_0001_5by8,16
complex.4611_4_corrected_H_0001_5by8,33
complex.46171_6_corrected_H_0001_5by8,8
complex.46237_1_corrected_H_0001_5by8,24
complex.46291_1_corrected_H_0001_5by8,18
complex.4629_3_corrected_H_0001_5by8,18
complex.4629_6_corrected_H_0001_5by8,22
complex.46302_7_corrected_H_0001_5by8,18
complex.46368_1_corrected_H_0001_5by8,13
complex.4637_2_corrected_H_0001_5by8,12
complex.46428_6_corrected_H_0001_5by8,13
complex.46454_0_corrected_H_0001_5by8,16
complex.46521_4_corrected_H_0001_5by8,49
complex.46530_1_corrected_H_0001_5by8,30
complex.46729_6_corrected_H_0001_5by8,18
complex.46735_3_corrected_H_0001_5by8,10
complex.46772_2_corrected_H_0001_5by8,17
complex.46782_3_corrected_H_0001_5by8,26
complex.46783_3_corrected_H_0001_5by8,8
complex.46888_0_corrected_H_0001_5by8,20
complex.46900_2_corrected_H_0001_5by8,20
complex.47034_7_corrected_H_0001_5by8,12
complex.47078_1_corrected_H_0001_5by8,10
complex.47098_9_corrected_H_0001_5by8,26
complex.47102_1_corrected_H_0001_5by8,20
complex.47134_9_corrected_H_0001_5by8,41
complex.47163_1_corrected_H_0001_5by8,23
complex.47192_0_corrected_H_0001_5by8,19
complex.47193_9_corrected_H_0001_5by8,20
complex.47306_0_corrected_H_0001_5by8,16
complex.47320_0_corrected_H_0001_5by8,7
complex.47331_4_corrected_H_0001_5by8,29
complex.4735_7_corrected_H_0001_5by8,32
complex.47402_7_corrected_H_0001_5by8,16
complex.47482_6_corrected_H_0001_5by8,21
complex.47560_3_corrected_H_0001_5by8,11
complex.47613_1_corrected_H_0001_5by8,21
complex.47660_5_corrected_H_0001_5by8,15
complex.47767_0_corrected_H_0001_5by8,24
complex.47801_1_corrected_H_0001_5by8,20
complex.47896_2_corrected_H_0001_5by8,27
complex.47923_0_corrected_H_0001_5by8,25
complex.48025_0_corrected_H_0001_5by8,16
complex.48052_2_corrected_H_0001_5by8,27
complex.48105_9_corrected_H_0001_5by8,17
complex.48152_7_corrected_H_0001_5by8,28
complex.48272_8_corrected_H_0001_5by8,6
complex.48285_6_corrected_H_0001_5by8,23
complex.48299_1_corrected_H_0001_5by8,15
complex.48363_2_corrected_H_0001_5by8,26
complex.48380_3_corrected_H_0001_5by8,7
complex.48399_3_corrected_H_0001_5by8,16
complex.48403_8_corrected_H_0001_5by8,18
complex.48435_5_corrected_H_0001_5by8,17
complex.48482_2_corrected_H_0001_5by8,33
complex.48528_1_corrected_H_0001_5by8,21
complex.48536_6_corrected_H_0001_5by8,14
complex.48636_8_corrected_H_0001_5by8,1
complex.48745_8_corrected_H_0001_5by8,6
complex.48747_9_corrected_H_0001_5by8,17
complex.48761_4_corrected_H_0001_5by8,18
complex.48799_4_corrected_H_0001_5by8,17
complex.48812_8_corrected_H_0001_5by8,14
complex.48957_8_corrected_H_0001_5by8,20
complex.48990_5_corrected_H_0001_5by8,21
complex.49012_3_corrected_H_0001_5by8,8
complex.49197_5_corrected_H_0001_5by8,19
complex.49264_8_corrected_H_0001_5by8,22
complex.49271_2_corrected_H_0001_5by8,8
complex.49273_4_corrected_H_0001_5by8,27
complex.49291_1_corrected_H_0001_5by8,15
complex.49354_0_corrected_H_0001_5by8,20
complex.49361_7_corrected_H_0001_5by8,18
complex.4940_8_corrected_H_0001_5by8,27
complex.49455_6_corrected_H_0001_5by8,5
complex.49457_8_corrected_H_0001_5by8,20
complex.49470_1_corrected_H_0001_5by8,7
complex.49496_0_corrected_H_0001_5by8,23
complex.49550_4_corrected_H_0001_5by8,19
complex.49562_8_corrected_H_0001_5by8,10
complex.49563_0_corrected_H_0001_5by8,35
complex.49666_8_corrected_H_0001_5by8,20
complex.4972_9_corrected_H_0001_5by8,13
complex.49808_0_corrected_H_0001_5by8,5
complex.49945_2_corrected_H_0001_5by8,29
complex.499_4_corrected_H_0001_5by8,35
complex.50138_4_corrected_H_0001_5by8,32
complex.50181_2_corrected_H_0001_5by8,11
complex.50376_5_corrected_H_0001_5by8,27
complex.50424_8_corrected_H_0001_5by8,12
complex.50513_0_corrected_H_0001_5by8,9
complex.50658_1_corrected_H_0001_5by8,27
complex.5066_2_corrected_H_0001_5by8,27
complex.50680_7_corrected_H_0001_5by8,13
complex.5078_9_corrected_H_0001_5by8,23
complex.50803_2_corrected_H_0001_5by8,31
complex.50909_7_corrected_H_0001_5by8,15
complex.5110_9_corrected_H_0001_5by8,23
complex.51189_5_corrected_H_0001_5by8,26
complex.5119_3_corrected_H_0001_5by8,20
complex.51412_7_corrected_H_0001_5by8,13
complex.51421_9_corrected_H_0001_5by8,16
complex.51430_1_corrected_H_0001_5by8,31
complex.51474_9_corrected_H_0001_5by8,27
complex.51498_5_corrected_H_0001_5by8,13
complex.51522_8_corrected_H_0001_5by8,12
complex.5161_2_corrected_H_0001_5by8,23
complex.51651_0_corrected_H_0001_5by8,8
complex.51672_4_corrected_H_0001_5by8,11
complex.51751_2_corrected_H_0001_5by8,8
complex.51851_9_corrected_H_0001_5by8,20
complex.51863_0_corrected_H_0001_5by8,17
complex.52021_8_corrected_H_0001_5by8,26
complex.52136_2_corrected_H_0001_5by8,28
complex.52216_6_corrected_H_0001_5by8,16
complex.52459_6_corrected_H_0001_5by8,13
complex.52505_2_corrected_H_0001_5by8,30
complex.52515_8_corrected_H_0001_5by8,26
complex.52557_1_corrected_H_0001_5by8,17
complex.52598_4_corrected_H_0001_5by8,11
complex.52614_1_corrected_H_0001_5by8,17
complex.52637_4_corrected_H_0001_5by8,25
complex.52644_8_corrected_H_0001_5by8,21
complex.52675_3_corrected_H_0001_5by8,7
complex.52699_7_corrected_H_0001_5by8,25
complex.52804_2_corrected_H_0001_5by8,19
complex.52878_0_corrected_H_0001_5by8,25
complex.52929_3_corrected_H_0001_5by8,9
complex.5294_7_corrected_H_0001_5by8,15
complex.53036_4_corrected_H_0001_5by8,14
complex.53052_7_corrected_H_0001_5by8,26
complex.53053_9_corrected_H_0001_5by8,8
complex.53054_0_corrected_H_0001_5by8,16
complex.53095_8_corrected_H_0001_5by8,12
complex.5315_4_corrected_H_0001_5by8,6
complex.53164_6_corrected_H_0001_5by8,29
complex.53173_1_corrected_H_0001_5by8,18
complex.53356_6_corrected_H_0001_5by8,11
complex.5339_9_corrected_H_0001_5by8,18
complex.53424_3_corrected_H_0001_5by8,14
complex.53430_0_corrected_H_0001_5by8,18
complex.53517_1_corrected_H_0001_5by8,11
complex.53551_9_corrected_H_0001_5by8,21
complex.5362_1_corrected_H_0001_5by8,27
complex.53785_7_corrected_H_0001_5by8,20
complex.53825_0_corrected_H_0001_5by8,14
complex.53852_4_corrected_H_0001_5by8,15
complex.53918_0_corrected_H_0001_5by8,11
complex.5706_4_corrected_H_0001_5by8,44
complex.5802_4_corrected_H_0001_5by8,15
complex.5879_1_corrected_H_0001_5by8,20
complex.5894_2_corrected_H_0001_5by8,37
complex.5935_2_corrected_H_0001_5by8,27
complex.6037_8_corrected_H_0001_5by8,18
complex.6052_0_corrected_H_0001_5by8,15
complex.6072_8_corrected_H_0001_5by8,34
complex.608_6_corrected_H_0001_5by8,34
complex.6117_6_corrected_H_0001_5by8,20
complex.6153_0_corrected_H_0001_5by8,31
complex.6202_0_corrected_H_0001_5by8,26
complex.6234_3_corrected_H_0001_5by8,21
complex.6281_8_corrected_H_0001_5by8,21
complex.6285_9_corrected_H_0001_5by8,11
complex.6324_7_corrected_H_0001_5by8,12
complex.6395_1_corrected_H_0001_5by8,12
complex.6506_6_corrected_H_0001_5by8,53
complex.6514_5_corrected_H_0001_5by8,20
complex.6519_9_corrected_H_0001_5by8,31
complex.6523_3_corrected_H_0001_5by8,21
complex.6596_4_corrected_H_0001_5by8,27
complex.6621_2_corrected_H_0001_5by8,17
complex.6634_3_corrected_H_0001_5by8,17
complex.6670_7_corrected_H_0001_5by8,22
complex.6672_4_corrected_H_0001_5by8,26
complex.6682_5_corrected_H_0001_5by8,24
complex.6694_1_corrected_H_0001_5by8,39
complex.671_4_corrected_H_0001_5by8,42
complex.6833_2_corrected_H_0001_5by8,19
complex.6833_9_corrected_H_0001_5by8,12
complex.6918_2_corrected_H_0001_5by8,15
complex.6926_3_corrected_H_0001_5by8,26
complex.6945_7_corrected_H_0001_5by8,18
complex.6946_0_corrected_H_0001_5by8,20
complex.699_7_corrected_H_0001_5by8,38
complex.700_9_corrected_H_0001_5by8,32
complex.715_8_corrected_H_0001_5by8,33
complex.7214_7_corrected_H_0001_5by8,19
complex.7260_5_corrected_H_0001_5by8,22
complex.7294_9_corrected_H_0001_5by8,18
complex.7305_1_corrected_H_0001_5by8,34
complex.7369_8_corrected_H_0001_5by8,9
complex.7408_7_corrected_H_0001_5by8,15
complex.7448_6_corrected_H_0001_5by8,22
complex.7466_1_corrected_H_0001_5by8,17
complex.7482_3_corrected_H_0001_5by8,21
complex.7573_4_corrected_H_0001_5by8,19
complex.7629_7_corrected_H_0001_5by8,25
complex.7644_5_corrected_H_0001_5by8,21
complex.7660_9_corrected_H_0001_5by8,12
complex.7684_8_corrected_H_0001_5by8,10
complex.7841_2_corrected_H_0001_5by8,35
complex.7913_7_corrected_H_0001_5by8,14
complex.8015_3_corrected_H_0001_5by8,12
complex.8051_9_corrected_H_0001_5by8,17
complex.8076_8_corrected_H_0001_5by8,24
complex.808_6_corrected_H_0001_5by8,15
complex.8092_8_corrected_H_0001_5by8,26
complex.8128_0_corrected_H_0001_5by8,43
complex.8268_4_corrected_H_0001_5by8,23
complex.8304_0_corrected_H_0001_5by8,25
complex.8359_8_corrected_H_0001_5by8,12
complex.8385_7_corrected_H_0001_5by8,12
complex.8392_4_corrected_H_0001_5by8,9
complex.8444_7_corrected_H_0001_5by8,11
complex.8522_1_corrected_H_0001_5by8,37
complex.8559_1_corrected_H_0001_5by8,21
complex.8689_8_corrected_H_0001_5by8,10
complex.8689_9_corrected_H_0001_5by8,35
complex.8717_5_corrected_H_0001_5by8,17
complex.8750_7_corrected_H_0001_5by8,10
complex.8843_4_corrected_H_0001_5by8,21
complex.8863_7_corrected_H_0001_5by8,25
complex.8911_9_corrected_H_0001_5by8,16
complex.9034_3_corrected_H_0001_5by8,18
complex.9063_1_corrected_H_0001_5by8,15
complex.9082_3_corrected_H_0001_5by8,31
complex.9088_2_corrected_H_0001_5by8,22
complex.927_2_corrected_H_0001_5by8,22
complex.9321_3_corrected_H_0001_5by8,19
complex.9326_0_corrected_H_0001_5by8,11
complex.9383_1_corrected_H_0001_5by8,37
complex.9403_2_corrected_H_0001_5by8,15
complex.9421_5_corrected_H_0001_5by8,14
complex.956_2_corrected_H_0001_5by8,25
complex.9611_6_corrected_H_0001_5by8,36
complex.9653_5_corrected_H_0001_5by8,45
complex.9747_4_corrected_H_0001_5by8,21
complex.9747_6_corrected_H_0001_5by8,36
complex.9882_8_corrected_H_0001_5by8,18
complex.9940_4_corrected_H_0001_5by8,17
complex.9962_7_corrected_H_0001_5by8,9
