pdb_file,all_contacts
complex.0_0_10_corrected_H_0001_5dmb,318
complex.0_0_30_corrected_H_0001_5dmb,357
complex.0_0_41_corrected_H_0001_5dmb,332
complex.0_0_42_corrected_H_0001_5dmb,412
complex.0_0_6_corrected_H_0001_5dmb,252
complex.0_0_9_corrected_H_0001_5dmb,352
complex.0_10_14_corrected_H_0001_5dmb,743
complex.0_10_17_corrected_H_0001_5dmb,686
complex.0_10_24_corrected_H_0001_5dmb,567
complex.0_10_26_corrected_H_0001_5dmb,568
complex.0_10_2_corrected_H_0001_5dmb,598
complex.0_10_40_corrected_H_0001_5dmb,597
complex.0_10_49_corrected_H_0001_5dmb,608
complex.0_11_10_corrected_H_0001_5dmb,634
complex.0_11_20_corrected_H_0001_5dmb,687
complex.0_11_21_corrected_H_0001_5dmb,626
complex.0_11_22_corrected_H_0001_5dmb,716
complex.0_11_24_corrected_H_0001_5dmb,696
complex.0_11_33_corrected_H_0001_5dmb,626
complex.0_11_35_corrected_H_0001_5dmb,625
complex.0_11_45_corrected_H_0001_5dmb,743
complex.0_11_48_corrected_H_0001_5dmb,832
complex.0_12_20_corrected_H_0001_5dmb,709
complex.0_12_25_corrected_H_0001_5dmb,679
complex.0_12_49_corrected_H_0001_5dmb,604
complex.0_12_6_corrected_H_0001_5dmb,679
complex.0_13_18_corrected_H_0001_5dmb,716
complex.0_13_31_corrected_H_0001_5dmb,635
complex.0_13_36_corrected_H_0001_5dmb,752
complex.0_13_40_corrected_H_0001_5dmb,709
complex.0_14_11_corrected_H_0001_5dmb,672
complex.0_14_19_corrected_H_0001_5dmb,616
complex.0_14_20_corrected_H_0001_5dmb,697
complex.0_14_27_corrected_H_0001_5dmb,696
complex.0_14_33_corrected_H_0001_5dmb,613
complex.0_14_39_corrected_H_0001_5dmb,642
complex.0_14_48_corrected_H_0001_5dmb,714
complex.0_14_7_corrected_H_0001_5dmb,655
complex.0_15_14_corrected_H_0001_5dmb,831
complex.0_16_11_corrected_H_0001_5dmb,714
complex.0_16_26_corrected_H_0001_5dmb,741
complex.0_16_36_corrected_H_0001_5dmb,618
complex.0_16_38_corrected_H_0001_5dmb,721
complex.0_16_4_corrected_H_0001_5dmb,617
complex.0_17_22_corrected_H_0001_5dmb,760
complex.0_17_29_corrected_H_0001_5dmb,716
complex.0_17_4_corrected_H_0001_5dmb,806
complex.0_18_12_corrected_H_0001_5dmb,753
complex.0_18_20_corrected_H_0001_5dmb,723
complex.0_18_22_corrected_H_0001_5dmb,736
complex.0_1_18_corrected_H_0001_5dmb,337
complex.0_1_24_corrected_H_0001_5dmb,367
complex.0_1_39_corrected_H_0001_5dmb,230
complex.0_1_41_corrected_H_0001_5dmb,234
complex.0_1_7_corrected_H_0001_5dmb,203
complex.0_1_8_corrected_H_0001_5dmb,177
complex.0_2_0_corrected_H_0001_5dmb,292
complex.0_2_10_corrected_H_0001_5dmb,329
complex.0_2_15_corrected_H_0001_5dmb,351
complex.0_2_25_corrected_H_0001_5dmb,460
complex.0_2_28_corrected_H_0001_5dmb,289
complex.0_2_2_corrected_H_0001_5dmb,375
complex.0_2_34_corrected_H_0001_5dmb,454
complex.0_2_42_corrected_H_0001_5dmb,485
complex.0_2_46_corrected_H_0001_5dmb,315
complex.0_3_21_corrected_H_0001_5dmb,352
complex.0_3_2_corrected_H_0001_5dmb,284
complex.0_3_47_corrected_H_0001_5dmb,527
complex.0_3_7_corrected_H_0001_5dmb,385
complex.0_3_8_corrected_H_0001_5dmb,255
complex.0_3_9_corrected_H_0001_5dmb,598
complex.0_4_23_corrected_H_0001_5dmb,294
complex.0_4_34_corrected_H_0001_5dmb,431
complex.0_4_40_corrected_H_0001_5dmb,599
complex.0_4_45_corrected_H_0001_5dmb,350
complex.0_5_15_corrected_H_0001_5dmb,668
complex.0_5_16_corrected_H_0001_5dmb,539
complex.0_5_18_corrected_H_0001_5dmb,579
complex.0_5_19_corrected_H_0001_5dmb,419
complex.0_5_32_corrected_H_0001_5dmb,463
complex.0_5_48_corrected_H_0001_5dmb,556
complex.0_6_0_corrected_H_0001_5dmb,493
complex.0_6_25_corrected_H_0001_5dmb,582
complex.0_6_27_corrected_H_0001_5dmb,389
complex.0_6_33_corrected_H_0001_5dmb,475
complex.0_6_45_corrected_H_0001_5dmb,337
complex.0_7_23_corrected_H_0001_5dmb,412
complex.0_7_24_corrected_H_0001_5dmb,608
complex.0_7_29_corrected_H_0001_5dmb,684
complex.0_7_32_corrected_H_0001_5dmb,463
complex.0_7_38_corrected_H_0001_5dmb,503
complex.0_7_41_corrected_H_0001_5dmb,680
complex.0_8_11_corrected_H_0001_5dmb,705
complex.0_8_1_corrected_H_0001_5dmb,520
complex.0_8_2_corrected_H_0001_5dmb,768
complex.0_8_32_corrected_H_0001_5dmb,477
complex.0_8_39_corrected_H_0001_5dmb,667
complex.0_8_7_corrected_H_0001_5dmb,631
complex.0_9_18_corrected_H_0001_5dmb,612
complex.0_9_19_corrected_H_0001_5dmb,631
complex.0_9_45_corrected_H_0001_5dmb,847
complex.1_0_12_corrected_H_0001_5dmb,249
complex.1_0_3_corrected_H_0001_5dmb,333
complex.1_0_43_corrected_H_0001_5dmb,249
complex.1_10_13_corrected_H_0001_5dmb,468
complex.1_10_21_corrected_H_0001_5dmb,668
complex.1_10_28_corrected_H_0001_5dmb,719
complex.1_10_33_corrected_H_0001_5dmb,631
complex.1_10_8_corrected_H_0001_5dmb,595
complex.1_11_13_corrected_H_0001_5dmb,640
complex.1_11_27_corrected_H_0001_5dmb,568
complex.1_11_38_corrected_H_0001_5dmb,617
complex.1_11_49_corrected_H_0001_5dmb,689
complex.1_12_22_corrected_H_0001_5dmb,564
complex.1_12_29_corrected_H_0001_5dmb,641
complex.1_12_43_corrected_H_0001_5dmb,668
complex.1_12_4_corrected_H_0001_5dmb,449
complex.1_13_10_corrected_H_0001_5dmb,542
complex.1_13_12_corrected_H_0001_5dmb,716
complex.1_13_14_corrected_H_0001_5dmb,777
complex.1_13_24_corrected_H_0001_5dmb,683
complex.1_13_33_corrected_H_0001_5dmb,763
complex.1_13_45_corrected_H_0001_5dmb,704
complex.1_13_49_corrected_H_0001_5dmb,676
complex.1_13_7_corrected_H_0001_5dmb,618
complex.1_14_23_corrected_H_0001_5dmb,634
complex.1_14_29_corrected_H_0001_5dmb,658
complex.1_15_11_corrected_H_0001_5dmb,783
complex.1_15_32_corrected_H_0001_5dmb,589
complex.1_15_40_corrected_H_0001_5dmb,670
complex.1_15_49_corrected_H_0001_5dmb,621
complex.1_16_14_corrected_H_0001_5dmb,644
complex.1_16_39_corrected_H_0001_5dmb,702
complex.1_16_3_corrected_H_0001_5dmb,802
complex.1_16_47_corrected_H_0001_5dmb,646
complex.1_17_0_corrected_H_0001_5dmb,768
complex.1_17_18_corrected_H_0001_5dmb,734
complex.1_17_19_corrected_H_0001_5dmb,712
complex.1_17_21_corrected_H_0001_5dmb,772
complex.1_17_33_corrected_H_0001_5dmb,627
complex.1_17_34_corrected_H_0001_5dmb,765
complex.1_17_41_corrected_H_0001_5dmb,756
complex.1_17_43_corrected_H_0001_5dmb,727
complex.1_17_6_corrected_H_0001_5dmb,629
complex.1_18_1_corrected_H_0001_5dmb,596
complex.1_1_10_corrected_H_0001_5dmb,218
complex.1_1_16_corrected_H_0001_5dmb,329
complex.1_1_20_corrected_H_0001_5dmb,372
complex.1_1_25_corrected_H_0001_5dmb,311
complex.1_1_32_corrected_H_0001_5dmb,223
complex.1_1_46_corrected_H_0001_5dmb,263
complex.1_1_6_corrected_H_0001_5dmb,310
complex.1_2_19_corrected_H_0001_5dmb,494
complex.1_2_22_corrected_H_0001_5dmb,340
complex.1_2_29_corrected_H_0001_5dmb,390
complex.1_2_35_corrected_H_0001_5dmb,391
complex.1_3_12_corrected_H_0001_5dmb,597
complex.1_3_22_corrected_H_0001_5dmb,291
complex.1_3_33_corrected_H_0001_5dmb,296
complex.1_3_36_corrected_H_0001_5dmb,268
complex.1_4_0_corrected_H_0001_5dmb,705
complex.1_4_13_corrected_H_0001_5dmb,551
complex.1_4_39_corrected_H_0001_5dmb,377
complex.1_4_46_corrected_H_0001_5dmb,419
complex.1_5_11_corrected_H_0001_5dmb,774
complex.1_5_14_corrected_H_0001_5dmb,593
complex.1_5_2_corrected_H_0001_5dmb,320
complex.1_5_40_corrected_H_0001_5dmb,280
complex.1_5_5_corrected_H_0001_5dmb,599
complex.1_6_9_corrected_H_0001_5dmb,403
complex.1_7_36_corrected_H_0001_5dmb,557
complex.1_8_10_corrected_H_0001_5dmb,382
complex.1_8_24_corrected_H_0001_5dmb,438
complex.1_8_25_corrected_H_0001_5dmb,470
complex.1_8_27_corrected_H_0001_5dmb,605
complex.1_8_47_corrected_H_0001_5dmb,559
complex.1_8_48_corrected_H_0001_5dmb,534
complex.1_8_8_corrected_H_0001_5dmb,496
complex.1_9_26_corrected_H_0001_5dmb,596
complex.1_9_2_corrected_H_0001_5dmb,574
complex.1_9_7_corrected_H_0001_5dmb,489
complex.2_0_25_corrected_H_0001_5dmb,276
complex.2_0_36_corrected_H_0001_5dmb,284
complex.2_0_38_corrected_H_0001_5dmb,397
complex.2_10_22_corrected_H_0001_5dmb,560
complex.2_10_27_corrected_H_0001_5dmb,552
complex.2_10_32_corrected_H_0001_5dmb,802
complex.2_10_36_corrected_H_0001_5dmb,578
complex.2_10_47_corrected_H_0001_5dmb,607
complex.2_11_12_corrected_H_0001_5dmb,637
complex.2_11_15_corrected_H_0001_5dmb,677
complex.2_11_16_corrected_H_0001_5dmb,618
complex.2_11_46_corrected_H_0001_5dmb,669
complex.2_12_19_corrected_H_0001_5dmb,576
complex.2_12_1_corrected_H_0001_5dmb,674
complex.2_12_27_corrected_H_0001_5dmb,857
complex.2_12_38_corrected_H_0001_5dmb,700
complex.2_12_5_corrected_H_0001_5dmb,575
complex.2_13_19_corrected_H_0001_5dmb,776
complex.2_13_2_corrected_H_0001_5dmb,689
complex.2_13_34_corrected_H_0001_5dmb,740
complex.2_13_43_corrected_H_0001_5dmb,589
complex.2_14_10_corrected_H_0001_5dmb,665
complex.2_14_21_corrected_H_0001_5dmb,723
complex.2_14_26_corrected_H_0001_5dmb,887
complex.2_14_44_corrected_H_0001_5dmb,748
complex.2_15_1_corrected_H_0001_5dmb,621
complex.2_15_21_corrected_H_0001_5dmb,656
complex.2_15_22_corrected_H_0001_5dmb,679
complex.2_15_43_corrected_H_0001_5dmb,775
complex.2_15_6_corrected_H_0001_5dmb,762
complex.2_15_7_corrected_H_0001_5dmb,568
complex.2_16_10_corrected_H_0001_5dmb,611
complex.2_16_16_corrected_H_0001_5dmb,742
complex.2_16_18_corrected_H_0001_5dmb,737
complex.2_16_2_corrected_H_0001_5dmb,593
complex.2_16_43_corrected_H_0001_5dmb,673
complex.2_16_46_corrected_H_0001_5dmb,823
complex.2_16_8_corrected_H_0001_5dmb,728
complex.2_17_26_corrected_H_0001_5dmb,730
complex.2_17_38_corrected_H_0001_5dmb,670
complex.2_17_5_corrected_H_0001_5dmb,700
complex.2_17_9_corrected_H_0001_5dmb,597
complex.2_18_15_corrected_H_0001_5dmb,636
complex.2_18_6_corrected_H_0001_5dmb,780
complex.2_1_17_corrected_H_0001_5dmb,299
complex.2_1_33_corrected_H_0001_5dmb,384
complex.2_1_35_corrected_H_0001_5dmb,270
complex.2_2_31_corrected_H_0001_5dmb,503
complex.2_2_47_corrected_H_0001_5dmb,353
complex.2_2_6_corrected_H_0001_5dmb,313
complex.2_3_13_corrected_H_0001_5dmb,647
complex.2_3_16_corrected_H_0001_5dmb,411
complex.2_3_17_corrected_H_0001_5dmb,425
complex.2_3_29_corrected_H_0001_5dmb,402
complex.2_3_35_corrected_H_0001_5dmb,600
complex.2_3_38_corrected_H_0001_5dmb,347
complex.2_3_46_corrected_H_0001_5dmb,365
complex.2_4_15_corrected_H_0001_5dmb,483
complex.2_4_28_corrected_H_0001_5dmb,362
complex.2_4_2_corrected_H_0001_5dmb,374
complex.2_4_30_corrected_H_0001_5dmb,329
complex.2_4_41_corrected_H_0001_5dmb,358
complex.2_5_13_corrected_H_0001_5dmb,388
complex.2_5_20_corrected_H_0001_5dmb,602
complex.2_5_21_corrected_H_0001_5dmb,368
complex.2_5_23_corrected_H_0001_5dmb,369
complex.2_5_25_corrected_H_0001_5dmb,287
complex.2_5_34_corrected_H_0001_5dmb,386
complex.2_5_3_corrected_H_0001_5dmb,531
complex.2_5_44_corrected_H_0001_5dmb,457
complex.2_5_8_corrected_H_0001_5dmb,462
complex.2_6_12_corrected_H_0001_5dmb,528
complex.2_6_16_corrected_H_0001_5dmb,486
complex.2_6_24_corrected_H_0001_5dmb,386
complex.2_6_38_corrected_H_0001_5dmb,404
complex.2_6_7_corrected_H_0001_5dmb,656
complex.2_7_11_corrected_H_0001_5dmb,480
complex.2_7_19_corrected_H_0001_5dmb,613
complex.2_7_22_corrected_H_0001_5dmb,632
complex.2_7_3_corrected_H_0001_5dmb,649
complex.2_7_42_corrected_H_0001_5dmb,451
complex.2_7_45_corrected_H_0001_5dmb,468
complex.2_7_47_corrected_H_0001_5dmb,478
complex.2_7_48_corrected_H_0001_5dmb,518
complex.2_7_6_corrected_H_0001_5dmb,916
complex.2_8_14_corrected_H_0001_5dmb,606
complex.2_8_20_corrected_H_0001_5dmb,683
complex.2_8_22_corrected_H_0001_5dmb,446
complex.2_8_28_corrected_H_0001_5dmb,424
complex.2_8_43_corrected_H_0001_5dmb,630
complex.2_9_11_corrected_H_0001_5dmb,461
complex.2_9_12_corrected_H_0001_5dmb,536
complex.2_9_20_corrected_H_0001_5dmb,631
complex.2_9_34_corrected_H_0001_5dmb,392
complex.2_9_41_corrected_H_0001_5dmb,674
complex.2_9_5_corrected_H_0001_5dmb,508
complex.2_9_6_corrected_H_0001_5dmb,649
complex.3_0_18_corrected_H_0001_5dmb,507
complex.3_0_28_corrected_H_0001_5dmb,348
complex.3_0_34_corrected_H_0001_5dmb,226
complex.3_0_7_corrected_H_0001_5dmb,267
complex.3_10_3_corrected_H_0001_5dmb,575
complex.3_10_42_corrected_H_0001_5dmb,612
complex.3_11_14_corrected_H_0001_5dmb,641
complex.3_11_1_corrected_H_0001_5dmb,489
complex.3_11_31_corrected_H_0001_5dmb,718
complex.3_11_34_corrected_H_0001_5dmb,690
complex.3_11_4_corrected_H_0001_5dmb,623
complex.3_11_9_corrected_H_0001_5dmb,670
complex.3_12_11_corrected_H_0001_5dmb,616
complex.3_12_13_corrected_H_0001_5dmb,723
complex.3_12_18_corrected_H_0001_5dmb,681
complex.3_12_37_corrected_H_0001_5dmb,655
complex.3_12_41_corrected_H_0001_5dmb,655
complex.3_12_47_corrected_H_0001_5dmb,764
complex.3_13_30_corrected_H_0001_5dmb,618
complex.3_13_35_corrected_H_0001_5dmb,747
complex.3_13_46_corrected_H_0001_5dmb,720
complex.3_13_9_corrected_H_0001_5dmb,708
complex.3_14_14_corrected_H_0001_5dmb,763
complex.3_14_1_corrected_H_0001_5dmb,715
complex.3_14_25_corrected_H_0001_5dmb,668
complex.3_14_36_corrected_H_0001_5dmb,765
complex.3_14_47_corrected_H_0001_5dmb,759
complex.3_14_5_corrected_H_0001_5dmb,649
complex.3_14_6_corrected_H_0001_5dmb,633
complex.3_15_15_corrected_H_0001_5dmb,697
complex.3_15_19_corrected_H_0001_5dmb,723
complex.3_15_25_corrected_H_0001_5dmb,608
complex.3_15_47_corrected_H_0001_5dmb,672
complex.3_15_4_corrected_H_0001_5dmb,692
complex.3_15_5_corrected_H_0001_5dmb,678
complex.3_16_27_corrected_H_0001_5dmb,740
complex.3_16_30_corrected_H_0001_5dmb,675
complex.3_16_32_corrected_H_0001_5dmb,776
complex.3_16_6_corrected_H_0001_5dmb,756
complex.3_17_15_corrected_H_0001_5dmb,627
complex.3_17_31_corrected_H_0001_5dmb,683
complex.3_17_8_corrected_H_0001_5dmb,793
complex.3_18_13_corrected_H_0001_5dmb,761
complex.3_18_16_corrected_H_0001_5dmb,699
complex.3_18_7_corrected_H_0001_5dmb,750
complex.3_1_21_corrected_H_0001_5dmb,227
complex.3_1_49_corrected_H_0001_5dmb,422
complex.3_2_40_corrected_H_0001_5dmb,363
complex.3_2_41_corrected_H_0001_5dmb,329
complex.3_2_5_corrected_H_0001_5dmb,480
complex.3_3_18_corrected_H_0001_5dmb,339
complex.3_3_34_corrected_H_0001_5dmb,384
complex.3_3_44_corrected_H_0001_5dmb,579
complex.3_4_7_corrected_H_0001_5dmb,707
complex.3_4_8_corrected_H_0001_5dmb,446
complex.3_5_26_corrected_H_0001_5dmb,482
complex.3_5_29_corrected_H_0001_5dmb,445
complex.3_5_38_corrected_H_0001_5dmb,513
complex.3_5_41_corrected_H_0001_5dmb,518
complex.3_5_43_corrected_H_0001_5dmb,294
complex.3_5_6_corrected_H_0001_5dmb,345
complex.3_6_18_corrected_H_0001_5dmb,582
complex.3_6_26_corrected_H_0001_5dmb,402
complex.3_6_31_corrected_H_0001_5dmb,442
complex.3_6_32_corrected_H_0001_5dmb,687
complex.3_6_34_corrected_H_0001_5dmb,724
complex.3_6_35_corrected_H_0001_5dmb,666
complex.3_6_39_corrected_H_0001_5dmb,556
complex.3_6_3_corrected_H_0001_5dmb,409
complex.3_6_8_corrected_H_0001_5dmb,560
complex.3_7_12_corrected_H_0001_5dmb,323
complex.3_8_13_corrected_H_0001_5dmb,563
complex.3_8_19_corrected_H_0001_5dmb,563
complex.3_8_49_corrected_H_0001_5dmb,468
complex.3_8_5_corrected_H_0001_5dmb,487
complex.3_9_9_corrected_H_0001_5dmb,607
complex.4_0_13_corrected_H_0001_5dmb,168
complex.4_0_48_corrected_H_0001_5dmb,476
complex.4_0_49_corrected_H_0001_5dmb,145
complex.4_10_0_corrected_H_0001_5dmb,674
complex.4_10_29_corrected_H_0001_5dmb,715
complex.4_10_5_corrected_H_0001_5dmb,662
complex.4_11_32_corrected_H_0001_5dmb,656
complex.4_11_37_corrected_H_0001_5dmb,472
complex.4_11_3_corrected_H_0001_5dmb,647
complex.4_11_6_corrected_H_0001_5dmb,712
complex.4_11_8_corrected_H_0001_5dmb,648
complex.4_12_16_corrected_H_0001_5dmb,553
complex.4_12_34_corrected_H_0001_5dmb,746
complex.4_13_1_corrected_H_0001_5dmb,697
complex.4_13_20_corrected_H_0001_5dmb,764
complex.4_13_29_corrected_H_0001_5dmb,753
complex.4_13_42_corrected_H_0001_5dmb,663
complex.4_13_44_corrected_H_0001_5dmb,692
complex.4_13_4_corrected_H_0001_5dmb,696
complex.4_14_12_corrected_H_0001_5dmb,795
complex.4_14_28_corrected_H_0001_5dmb,640
complex.4_14_32_corrected_H_0001_5dmb,737
complex.4_14_38_corrected_H_0001_5dmb,656
complex.4_14_40_corrected_H_0001_5dmb,672
complex.4_14_42_corrected_H_0001_5dmb,664
complex.4_14_4_corrected_H_0001_5dmb,604
complex.4_15_13_corrected_H_0001_5dmb,662
complex.4_15_16_corrected_H_0001_5dmb,637
complex.4_15_20_corrected_H_0001_5dmb,652
complex.4_15_9_corrected_H_0001_5dmb,685
complex.4_16_0_corrected_H_0001_5dmb,746
complex.4_16_13_corrected_H_0001_5dmb,626
complex.4_16_22_corrected_H_0001_5dmb,660
complex.4_16_25_corrected_H_0001_5dmb,723
complex.4_16_31_corrected_H_0001_5dmb,717
complex.4_16_49_corrected_H_0001_5dmb,702
complex.4_17_10_corrected_H_0001_5dmb,771
complex.4_17_23_corrected_H_0001_5dmb,757
complex.4_17_36_corrected_H_0001_5dmb,651
complex.4_17_39_corrected_H_0001_5dmb,696
complex.4_18_0_corrected_H_0001_5dmb,610
complex.4_18_17_corrected_H_0001_5dmb,790
complex.4_18_19_corrected_H_0001_5dmb,761
complex.4_1_19_corrected_H_0001_5dmb,403
complex.4_1_22_corrected_H_0001_5dmb,289
complex.4_1_29_corrected_H_0001_5dmb,254
complex.4_1_43_corrected_H_0001_5dmb,269
complex.4_1_47_corrected_H_0001_5dmb,319
complex.4_1_5_corrected_H_0001_5dmb,303
complex.4_2_23_corrected_H_0001_5dmb,367
complex.4_2_39_corrected_H_0001_5dmb,267
complex.4_2_4_corrected_H_0001_5dmb,319
complex.4_3_11_corrected_H_0001_5dmb,418
complex.4_3_30_corrected_H_0001_5dmb,373
complex.4_3_31_corrected_H_0001_5dmb,306
complex.4_3_37_corrected_H_0001_5dmb,378
complex.4_3_39_corrected_H_0001_5dmb,386
complex.4_3_48_corrected_H_0001_5dmb,314
complex.4_4_17_corrected_H_0001_5dmb,317
complex.4_4_19_corrected_H_0001_5dmb,320
complex.4_4_24_corrected_H_0001_5dmb,395
complex.4_4_33_corrected_H_0001_5dmb,333
complex.4_4_5_corrected_H_0001_5dmb,341
complex.4_5_0_corrected_H_0001_5dmb,322
complex.4_5_10_corrected_H_0001_5dmb,297
complex.4_5_28_corrected_H_0001_5dmb,316
complex.4_5_31_corrected_H_0001_5dmb,517
complex.4_5_36_corrected_H_0001_5dmb,289
complex.4_6_11_corrected_H_0001_5dmb,383
complex.4_6_1_corrected_H_0001_5dmb,702
complex.4_6_20_corrected_H_0001_5dmb,588
complex.4_6_21_corrected_H_0001_5dmb,607
complex.4_6_2_corrected_H_0001_5dmb,837
complex.4_6_30_corrected_H_0001_5dmb,375
complex.4_6_4_corrected_H_0001_5dmb,498
complex.4_7_15_corrected_H_0001_5dmb,611
complex.4_7_26_corrected_H_0001_5dmb,505
complex.4_7_37_corrected_H_0001_5dmb,590
complex.4_7_46_corrected_H_0001_5dmb,598
complex.4_7_4_corrected_H_0001_5dmb,461
complex.4_8_30_corrected_H_0001_5dmb,664
complex.4_8_33_corrected_H_0001_5dmb,858
complex.4_8_37_corrected_H_0001_5dmb,440
complex.4_8_3_corrected_H_0001_5dmb,403
complex.4_8_40_corrected_H_0001_5dmb,649
complex.4_8_42_corrected_H_0001_5dmb,543
complex.4_8_6_corrected_H_0001_5dmb,678
complex.4_9_0_corrected_H_0001_5dmb,524
complex.4_9_10_corrected_H_0001_5dmb,451
complex.4_9_1_corrected_H_0001_5dmb,701
complex.4_9_25_corrected_H_0001_5dmb,594
complex.4_9_29_corrected_H_0001_5dmb,502
complex.4_9_32_corrected_H_0001_5dmb,634
complex.4_9_33_corrected_H_0001_5dmb,778
complex.4_9_39_corrected_H_0001_5dmb,530
complex.4_9_44_corrected_H_0001_5dmb,665
complex.5_0_11_corrected_H_0001_5dmb,297
complex.5_0_14_corrected_H_0001_5dmb,590
complex.5_0_2_corrected_H_0001_5dmb,481
complex.5_0_31_corrected_H_0001_5dmb,227
complex.5_0_33_corrected_H_0001_5dmb,419
complex.5_0_35_corrected_H_0001_5dmb,195
complex.5_0_40_corrected_H_0001_5dmb,376
complex.5_10_11_corrected_H_0001_5dmb,563
complex.5_10_18_corrected_H_0001_5dmb,435
complex.5_10_23_corrected_H_0001_5dmb,694
complex.5_10_39_corrected_H_0001_5dmb,616
complex.5_10_41_corrected_H_0001_5dmb,527
complex.5_10_46_corrected_H_0001_5dmb,517
complex.5_10_7_corrected_H_0001_5dmb,690
complex.5_11_41_corrected_H_0001_5dmb,630
complex.5_11_42_corrected_H_0001_5dmb,630
complex.5_12_14_corrected_H_0001_5dmb,763
complex.5_12_15_corrected_H_0001_5dmb,763
complex.5_12_24_corrected_H_0001_5dmb,608
complex.5_12_30_corrected_H_0001_5dmb,643
complex.5_12_39_corrected_H_0001_5dmb,685
complex.5_12_40_corrected_H_0001_5dmb,718
complex.5_12_44_corrected_H_0001_5dmb,519
complex.5_12_7_corrected_H_0001_5dmb,721
complex.5_13_21_corrected_H_0001_5dmb,739
complex.5_13_22_corrected_H_0001_5dmb,794
complex.5_13_3_corrected_H_0001_5dmb,682
complex.5_14_17_corrected_H_0001_5dmb,713
complex.5_14_37_corrected_H_0001_5dmb,655
complex.5_15_0_corrected_H_0001_5dmb,751
complex.5_15_10_corrected_H_0001_5dmb,745
complex.5_15_23_corrected_H_0001_5dmb,758
complex.5_15_26_corrected_H_0001_5dmb,713
complex.5_15_29_corrected_H_0001_5dmb,688
complex.5_15_3_corrected_H_0001_5dmb,676
complex.5_15_41_corrected_H_0001_5dmb,649
complex.5_15_42_corrected_H_0001_5dmb,677
complex.5_15_8_corrected_H_0001_5dmb,630
complex.5_16_23_corrected_H_0001_5dmb,769
complex.5_16_37_corrected_H_0001_5dmb,715
complex.5_16_7_corrected_H_0001_5dmb,721
complex.5_17_13_corrected_H_0001_5dmb,702
complex.5_17_17_corrected_H_0001_5dmb,725
complex.5_17_20_corrected_H_0001_5dmb,740
complex.5_18_14_corrected_H_0001_5dmb,623
complex.5_18_21_corrected_H_0001_5dmb,805
complex.5_18_4_corrected_H_0001_5dmb,789
complex.5_18_5_corrected_H_0001_5dmb,725
complex.5_1_14_corrected_H_0001_5dmb,304
complex.5_1_23_corrected_H_0001_5dmb,233
complex.5_1_36_corrected_H_0001_5dmb,249
complex.5_1_38_corrected_H_0001_5dmb,402
complex.5_1_4_corrected_H_0001_5dmb,210
complex.5_1_9_corrected_H_0001_5dmb,224
complex.5_2_12_corrected_H_0001_5dmb,343
complex.5_2_17_corrected_H_0001_5dmb,313
complex.5_2_21_corrected_H_0001_5dmb,288
complex.5_2_36_corrected_H_0001_5dmb,309
complex.5_2_8_corrected_H_0001_5dmb,479
complex.5_3_19_corrected_H_0001_5dmb,516
complex.5_3_23_corrected_H_0001_5dmb,290
complex.5_3_26_corrected_H_0001_5dmb,502
complex.5_3_45_corrected_H_0001_5dmb,497
complex.5_3_4_corrected_H_0001_5dmb,300
complex.5_3_6_corrected_H_0001_5dmb,327
complex.5_4_11_corrected_H_0001_5dmb,324
complex.5_4_16_corrected_H_0001_5dmb,333
complex.5_4_20_corrected_H_0001_5dmb,431
complex.5_4_21_corrected_H_0001_5dmb,315
complex.5_4_26_corrected_H_0001_5dmb,264
complex.5_4_31_corrected_H_0001_5dmb,390
complex.5_4_36_corrected_H_0001_5dmb,334
complex.5_4_6_corrected_H_0001_5dmb,562
complex.5_5_1_corrected_H_0001_5dmb,411
complex.5_5_30_corrected_H_0001_5dmb,378
complex.5_5_35_corrected_H_0001_5dmb,396
complex.5_5_49_corrected_H_0001_5dmb,384
complex.5_6_23_corrected_H_0001_5dmb,411
complex.5_6_36_corrected_H_0001_5dmb,415
complex.5_6_37_corrected_H_0001_5dmb,589
complex.5_6_42_corrected_H_0001_5dmb,575
complex.5_6_46_corrected_H_0001_5dmb,420
complex.5_6_49_corrected_H_0001_5dmb,452
complex.5_6_6_corrected_H_0001_5dmb,603
complex.5_7_13_corrected_H_0001_5dmb,457
complex.5_7_2_corrected_H_0001_5dmb,366
complex.5_7_40_corrected_H_0001_5dmb,403
complex.5_8_0_corrected_H_0001_5dmb,568
complex.5_8_18_corrected_H_0001_5dmb,677
complex.5_8_35_corrected_H_0001_5dmb,511
complex.5_9_21_corrected_H_0001_5dmb,807
complex.5_9_23_corrected_H_0001_5dmb,596
complex.5_9_27_corrected_H_0001_5dmb,589
complex.5_9_28_corrected_H_0001_5dmb,557
complex.5_9_37_corrected_H_0001_5dmb,518
complex.5_9_3_corrected_H_0001_5dmb,580
complex.5_9_43_corrected_H_0001_5dmb,605
complex.5_9_4_corrected_H_0001_5dmb,457
complex.6_0_0_corrected_H_0001_5dmb,397
complex.6_0_16_corrected_H_0001_5dmb,338
complex.6_0_17_corrected_H_0001_5dmb,353
complex.6_0_24_corrected_H_0001_5dmb,221
complex.6_0_26_corrected_H_0001_5dmb,630
complex.6_0_29_corrected_H_0001_5dmb,256
complex.6_0_32_corrected_H_0001_5dmb,367
complex.6_0_37_corrected_H_0001_5dmb,395
complex.6_0_46_corrected_H_0001_5dmb,310
complex.6_0_4_corrected_H_0001_5dmb,262
complex.6_10_19_corrected_H_0001_5dmb,506
complex.6_10_1_corrected_H_0001_5dmb,560
complex.6_10_20_corrected_H_0001_5dmb,476
complex.6_10_25_corrected_H_0001_5dmb,694
complex.6_10_35_corrected_H_0001_5dmb,660
complex.6_11_19_corrected_H_0001_5dmb,594
complex.6_11_23_corrected_H_0001_5dmb,672
complex.6_11_25_corrected_H_0001_5dmb,566
complex.6_11_29_corrected_H_0001_5dmb,685
complex.6_11_30_corrected_H_0001_5dmb,522
complex.6_11_47_corrected_H_0001_5dmb,470
complex.6_12_10_corrected_H_0001_5dmb,689
complex.6_12_31_corrected_H_0001_5dmb,610
complex.6_12_32_corrected_H_0001_5dmb,639
complex.6_12_33_corrected_H_0001_5dmb,606
complex.6_12_45_corrected_H_0001_5dmb,650
complex.6_13_17_corrected_H_0001_5dmb,858
complex.6_13_38_corrected_H_0001_5dmb,694
complex.6_13_41_corrected_H_0001_5dmb,651
complex.6_13_48_corrected_H_0001_5dmb,790
complex.6_13_8_corrected_H_0001_5dmb,653
complex.6_14_16_corrected_H_0001_5dmb,580
complex.6_14_22_corrected_H_0001_5dmb,532
complex.6_14_3_corrected_H_0001_5dmb,690
complex.6_14_43_corrected_H_0001_5dmb,594
complex.6_15_27_corrected_H_0001_5dmb,657
complex.6_15_35_corrected_H_0001_5dmb,767
complex.6_15_37_corrected_H_0001_5dmb,784
complex.6_15_39_corrected_H_0001_5dmb,605
complex.6_16_12_corrected_H_0001_5dmb,628
complex.6_16_19_corrected_H_0001_5dmb,602
complex.6_16_44_corrected_H_0001_5dmb,666
complex.6_16_45_corrected_H_0001_5dmb,673
complex.6_17_24_corrected_H_0001_5dmb,761
complex.6_17_27_corrected_H_0001_5dmb,629
complex.6_17_2_corrected_H_0001_5dmb,786
complex.6_17_32_corrected_H_0001_5dmb,648
complex.6_17_35_corrected_H_0001_5dmb,693
complex.6_17_40_corrected_H_0001_5dmb,699
complex.6_18_8_corrected_H_0001_5dmb,745
complex.6_1_48_corrected_H_0001_5dmb,242
complex.6_2_11_corrected_H_0001_5dmb,268
complex.6_2_13_corrected_H_0001_5dmb,445
complex.6_2_18_corrected_H_0001_5dmb,347
complex.6_2_24_corrected_H_0001_5dmb,500
complex.6_2_26_corrected_H_0001_5dmb,380
complex.6_2_32_corrected_H_0001_5dmb,448
complex.6_2_33_corrected_H_0001_5dmb,379
complex.6_2_37_corrected_H_0001_5dmb,525
complex.6_2_49_corrected_H_0001_5dmb,323
complex.6_3_15_corrected_H_0001_5dmb,340
complex.6_3_1_corrected_H_0001_5dmb,598
complex.6_3_24_corrected_H_0001_5dmb,218
complex.6_3_42_corrected_H_0001_5dmb,579
complex.6_3_43_corrected_H_0001_5dmb,416
complex.6_3_49_corrected_H_0001_5dmb,391
complex.6_3_5_corrected_H_0001_5dmb,583
complex.6_4_1_corrected_H_0001_5dmb,596
complex.6_4_35_corrected_H_0001_5dmb,382
complex.6_4_43_corrected_H_0001_5dmb,344
complex.6_4_48_corrected_H_0001_5dmb,336
complex.6_5_12_corrected_H_0001_5dmb,475
complex.6_5_39_corrected_H_0001_5dmb,568
complex.6_5_46_corrected_H_0001_5dmb,263
complex.6_5_7_corrected_H_0001_5dmb,270
complex.6_5_9_corrected_H_0001_5dmb,414
complex.6_6_13_corrected_H_0001_5dmb,489
complex.6_6_14_corrected_H_0001_5dmb,439
complex.6_6_43_corrected_H_0001_5dmb,508
complex.6_7_0_corrected_H_0001_5dmb,459
complex.6_7_14_corrected_H_0001_5dmb,713
complex.6_7_18_corrected_H_0001_5dmb,521
complex.6_7_21_corrected_H_0001_5dmb,581
complex.6_7_27_corrected_H_0001_5dmb,408
complex.6_7_28_corrected_H_0001_5dmb,519
complex.6_7_30_corrected_H_0001_5dmb,721
complex.6_7_39_corrected_H_0001_5dmb,734
complex.6_7_44_corrected_H_0001_5dmb,604
complex.6_7_5_corrected_H_0001_5dmb,343
complex.6_8_23_corrected_H_0001_5dmb,702
complex.6_8_29_corrected_H_0001_5dmb,582
complex.6_8_36_corrected_H_0001_5dmb,608
complex.6_8_46_corrected_H_0001_5dmb,649
complex.6_8_4_corrected_H_0001_5dmb,678
complex.6_9_31_corrected_H_0001_5dmb,604
complex.6_9_40_corrected_H_0001_5dmb,708
complex.7_0_15_corrected_H_0001_5dmb,360
complex.7_0_19_corrected_H_0001_5dmb,323
complex.7_0_1_corrected_H_0001_5dmb,212
complex.7_0_21_corrected_H_0001_5dmb,442
complex.7_0_22_corrected_H_0001_5dmb,317
complex.7_0_23_corrected_H_0001_5dmb,242
complex.7_0_27_corrected_H_0001_5dmb,209
complex.7_0_39_corrected_H_0001_5dmb,231
complex.7_0_44_corrected_H_0001_5dmb,247
complex.7_10_12_corrected_H_0001_5dmb,661
complex.7_10_16_corrected_H_0001_5dmb,698
complex.7_10_34_corrected_H_0001_5dmb,472
complex.7_10_37_corrected_H_0001_5dmb,623
complex.7_10_43_corrected_H_0001_5dmb,620
complex.7_10_4_corrected_H_0001_5dmb,712
complex.7_11_17_corrected_H_0001_5dmb,724
complex.7_11_36_corrected_H_0001_5dmb,649
complex.7_11_44_corrected_H_0001_5dmb,670
complex.7_11_5_corrected_H_0001_5dmb,719
complex.7_12_0_corrected_H_0001_5dmb,755
complex.7_12_12_corrected_H_0001_5dmb,631
complex.7_12_21_corrected_H_0001_5dmb,624
complex.7_12_26_corrected_H_0001_5dmb,729
complex.7_12_28_corrected_H_0001_5dmb,692
complex.7_13_11_corrected_H_0001_5dmb,750
complex.7_13_13_corrected_H_0001_5dmb,642
complex.7_13_25_corrected_H_0001_5dmb,682
complex.7_13_27_corrected_H_0001_5dmb,619
complex.7_13_28_corrected_H_0001_5dmb,625
complex.7_13_37_corrected_H_0001_5dmb,663
complex.7_13_47_corrected_H_0001_5dmb,711
complex.7_14_15_corrected_H_0001_5dmb,769
complex.7_14_24_corrected_H_0001_5dmb,657
complex.7_14_34_corrected_H_0001_5dmb,643
complex.7_14_35_corrected_H_0001_5dmb,714
complex.7_14_41_corrected_H_0001_5dmb,801
complex.7_14_8_corrected_H_0001_5dmb,762
complex.7_14_9_corrected_H_0001_5dmb,692
complex.7_15_30_corrected_H_0001_5dmb,725
complex.7_15_33_corrected_H_0001_5dmb,642
complex.7_15_34_corrected_H_0001_5dmb,642
complex.7_15_36_corrected_H_0001_5dmb,793
complex.7_15_46_corrected_H_0001_5dmb,595
complex.7_16_17_corrected_H_0001_5dmb,793
complex.7_16_24_corrected_H_0001_5dmb,604
complex.7_16_33_corrected_H_0001_5dmb,806
complex.7_16_34_corrected_H_0001_5dmb,798
complex.7_16_35_corrected_H_0001_5dmb,656
complex.7_16_42_corrected_H_0001_5dmb,822
complex.7_16_5_corrected_H_0001_5dmb,650
complex.7_17_28_corrected_H_0001_5dmb,729
complex.7_17_30_corrected_H_0001_5dmb,652
complex.7_17_3_corrected_H_0001_5dmb,679
complex.7_17_7_corrected_H_0001_5dmb,717
complex.7_18_11_corrected_H_0001_5dmb,722
complex.7_18_3_corrected_H_0001_5dmb,609
complex.7_18_9_corrected_H_0001_5dmb,675
complex.7_1_28_corrected_H_0001_5dmb,289
complex.7_1_2_corrected_H_0001_5dmb,169
complex.7_1_34_corrected_H_0001_5dmb,315
complex.7_1_40_corrected_H_0001_5dmb,311
complex.7_2_20_corrected_H_0001_5dmb,351
complex.7_2_27_corrected_H_0001_5dmb,402
complex.7_2_44_corrected_H_0001_5dmb,317
complex.7_2_7_corrected_H_0001_5dmb,268
complex.7_2_9_corrected_H_0001_5dmb,414
complex.7_3_0_corrected_H_0001_5dmb,406
complex.7_3_14_corrected_H_0001_5dmb,364
complex.7_3_20_corrected_H_0001_5dmb,320
complex.7_3_41_corrected_H_0001_5dmb,356
complex.7_4_12_corrected_H_0001_5dmb,237
complex.7_4_14_corrected_H_0001_5dmb,349
complex.7_4_18_corrected_H_0001_5dmb,531
complex.7_4_25_corrected_H_0001_5dmb,447
complex.7_4_37_corrected_H_0001_5dmb,354
complex.7_4_44_corrected_H_0001_5dmb,308
complex.7_5_27_corrected_H_0001_5dmb,530
complex.7_5_42_corrected_H_0001_5dmb,414
complex.7_6_19_corrected_H_0001_5dmb,609
complex.7_6_22_corrected_H_0001_5dmb,582
complex.7_6_28_corrected_H_0001_5dmb,352
complex.7_6_44_corrected_H_0001_5dmb,782
complex.7_6_47_corrected_H_0001_5dmb,340
complex.7_6_48_corrected_H_0001_5dmb,535
complex.7_7_10_corrected_H_0001_5dmb,565
complex.7_7_33_corrected_H_0001_5dmb,516
complex.7_7_43_corrected_H_0001_5dmb,600
complex.7_7_7_corrected_H_0001_5dmb,589
complex.7_8_15_corrected_H_0001_5dmb,669
complex.7_8_34_corrected_H_0001_5dmb,514
complex.7_8_38_corrected_H_0001_5dmb,499
complex.7_8_44_corrected_H_0001_5dmb,586
complex.7_9_14_corrected_H_0001_5dmb,477
complex.7_9_24_corrected_H_0001_5dmb,536
complex.7_9_30_corrected_H_0001_5dmb,569
complex.8_0_20_corrected_H_0001_5dmb,437
complex.8_0_45_corrected_H_0001_5dmb,175
complex.8_0_5_corrected_H_0001_5dmb,371
complex.8_0_8_corrected_H_0001_5dmb,311
complex.8_10_10_corrected_H_0001_5dmb,640
complex.8_10_15_corrected_H_0001_5dmb,565
complex.8_10_30_corrected_H_0001_5dmb,535
complex.8_10_31_corrected_H_0001_5dmb,690
complex.8_10_38_corrected_H_0001_5dmb,810
complex.8_10_44_corrected_H_0001_5dmb,478
complex.8_10_45_corrected_H_0001_5dmb,605
complex.8_10_6_corrected_H_0001_5dmb,690
complex.8_10_9_corrected_H_0001_5dmb,761
complex.8_11_28_corrected_H_0001_5dmb,556
complex.8_11_2_corrected_H_0001_5dmb,586
complex.8_11_39_corrected_H_0001_5dmb,688
complex.8_11_7_corrected_H_0001_5dmb,764
complex.8_12_23_corrected_H_0001_5dmb,648
complex.8_12_2_corrected_H_0001_5dmb,693
complex.8_12_35_corrected_H_0001_5dmb,605
complex.8_12_36_corrected_H_0001_5dmb,735
complex.8_12_3_corrected_H_0001_5dmb,651
complex.8_12_42_corrected_H_0001_5dmb,724
complex.8_12_8_corrected_H_0001_5dmb,691
complex.8_13_0_corrected_H_0001_5dmb,543
complex.8_13_15_corrected_H_0001_5dmb,738
complex.8_13_16_corrected_H_0001_5dmb,696
complex.8_13_23_corrected_H_0001_5dmb,677
complex.8_13_39_corrected_H_0001_5dmb,717
complex.8_13_5_corrected_H_0001_5dmb,697
complex.8_13_6_corrected_H_0001_5dmb,704
complex.8_14_13_corrected_H_0001_5dmb,748
complex.8_14_18_corrected_H_0001_5dmb,804
complex.8_14_2_corrected_H_0001_5dmb,672
complex.8_14_30_corrected_H_0001_5dmb,575
complex.8_14_31_corrected_H_0001_5dmb,663
complex.8_14_45_corrected_H_0001_5dmb,676
complex.8_14_49_corrected_H_0001_5dmb,748
complex.8_15_24_corrected_H_0001_5dmb,678
complex.8_15_2_corrected_H_0001_5dmb,634
complex.8_15_31_corrected_H_0001_5dmb,641
complex.8_15_38_corrected_H_0001_5dmb,734
complex.8_15_44_corrected_H_0001_5dmb,596
complex.8_16_1_corrected_H_0001_5dmb,638
complex.8_16_21_corrected_H_0001_5dmb,637
complex.8_16_29_corrected_H_0001_5dmb,819
complex.8_16_40_corrected_H_0001_5dmb,784
complex.8_16_41_corrected_H_0001_5dmb,688
complex.8_16_9_corrected_H_0001_5dmb,771
complex.8_17_12_corrected_H_0001_5dmb,773
complex.8_17_14_corrected_H_0001_5dmb,681
complex.8_17_16_corrected_H_0001_5dmb,722
complex.8_17_1_corrected_H_0001_5dmb,628
complex.8_17_42_corrected_H_0001_5dmb,671
complex.8_18_10_corrected_H_0001_5dmb,721
complex.8_1_12_corrected_H_0001_5dmb,515
complex.8_1_1_corrected_H_0001_5dmb,356
complex.8_1_31_corrected_H_0001_5dmb,299
complex.8_1_37_corrected_H_0001_5dmb,314
complex.8_1_3_corrected_H_0001_5dmb,166
complex.8_1_44_corrected_H_0001_5dmb,231
complex.8_2_1_corrected_H_0001_5dmb,413
complex.8_2_30_corrected_H_0001_5dmb,318
complex.8_2_3_corrected_H_0001_5dmb,274
complex.8_2_48_corrected_H_0001_5dmb,366
complex.8_3_10_corrected_H_0001_5dmb,412
complex.8_3_27_corrected_H_0001_5dmb,422
complex.8_3_3_corrected_H_0001_5dmb,437
complex.8_3_40_corrected_H_0001_5dmb,301
complex.8_4_10_corrected_H_0001_5dmb,413
complex.8_4_27_corrected_H_0001_5dmb,318
complex.8_4_29_corrected_H_0001_5dmb,324
complex.8_4_32_corrected_H_0001_5dmb,695
complex.8_4_42_corrected_H_0001_5dmb,358
complex.8_4_47_corrected_H_0001_5dmb,389
complex.8_4_49_corrected_H_0001_5dmb,288
complex.8_4_4_corrected_H_0001_5dmb,421
complex.8_5_17_corrected_H_0001_5dmb,337
complex.8_5_24_corrected_H_0001_5dmb,324
complex.8_5_33_corrected_H_0001_5dmb,656
complex.8_5_45_corrected_H_0001_5dmb,442
complex.8_5_47_corrected_H_0001_5dmb,637
complex.8_5_4_corrected_H_0001_5dmb,607
complex.8_6_10_corrected_H_0001_5dmb,643
complex.8_6_15_corrected_H_0001_5dmb,517
complex.8_6_17_corrected_H_0001_5dmb,474
complex.8_7_17_corrected_H_0001_5dmb,486
complex.8_7_1_corrected_H_0001_5dmb,547
complex.8_7_20_corrected_H_0001_5dmb,657
complex.8_7_25_corrected_H_0001_5dmb,610
complex.8_7_49_corrected_H_0001_5dmb,712
complex.8_7_8_corrected_H_0001_5dmb,722
complex.8_8_12_corrected_H_0001_5dmb,634
complex.8_8_17_corrected_H_0001_5dmb,512
complex.8_8_26_corrected_H_0001_5dmb,504
complex.8_8_31_corrected_H_0001_5dmb,510
complex.8_8_41_corrected_H_0001_5dmb,527
complex.8_8_45_corrected_H_0001_5dmb,456
complex.8_9_17_corrected_H_0001_5dmb,647
complex.8_9_36_corrected_H_0001_5dmb,735
complex.8_9_46_corrected_H_0001_5dmb,680
complex.8_9_47_corrected_H_0001_5dmb,556
complex.9_0_47_corrected_H_0001_5dmb,272
complex.9_10_48_corrected_H_0001_5dmb,675
complex.9_11_0_corrected_H_0001_5dmb,681
complex.9_11_11_corrected_H_0001_5dmb,560
complex.9_11_18_corrected_H_0001_5dmb,684
complex.9_11_26_corrected_H_0001_5dmb,567
complex.9_11_40_corrected_H_0001_5dmb,765
complex.9_11_43_corrected_H_0001_5dmb,500
complex.9_12_17_corrected_H_0001_5dmb,687
complex.9_12_46_corrected_H_0001_5dmb,660
complex.9_12_48_corrected_H_0001_5dmb,614
complex.9_12_9_corrected_H_0001_5dmb,709
complex.9_13_26_corrected_H_0001_5dmb,629
complex.9_13_32_corrected_H_0001_5dmb,691
complex.9_14_0_corrected_H_0001_5dmb,673
complex.9_14_46_corrected_H_0001_5dmb,561
complex.9_15_12_corrected_H_0001_5dmb,653
complex.9_15_17_corrected_H_0001_5dmb,756
complex.9_15_18_corrected_H_0001_5dmb,726
complex.9_15_28_corrected_H_0001_5dmb,655
complex.9_15_45_corrected_H_0001_5dmb,654
complex.9_15_48_corrected_H_0001_5dmb,666
complex.9_16_15_corrected_H_0001_5dmb,715
complex.9_16_20_corrected_H_0001_5dmb,793
complex.9_16_28_corrected_H_0001_5dmb,720
complex.9_16_48_corrected_H_0001_5dmb,732
complex.9_17_11_corrected_H_0001_5dmb,742
complex.9_17_25_corrected_H_0001_5dmb,631
complex.9_17_37_corrected_H_0001_5dmb,678
complex.9_17_44_corrected_H_0001_5dmb,665
complex.9_18_18_corrected_H_0001_5dmb,789
complex.9_18_2_corrected_H_0001_5dmb,660
complex.9_1_0_corrected_H_0001_5dmb,205
complex.9_1_11_corrected_H_0001_5dmb,439
complex.9_1_13_corrected_H_0001_5dmb,458
complex.9_1_15_corrected_H_0001_5dmb,233
complex.9_1_26_corrected_H_0001_5dmb,251
complex.9_1_27_corrected_H_0001_5dmb,385
complex.9_1_30_corrected_H_0001_5dmb,180
complex.9_1_42_corrected_H_0001_5dmb,306
complex.9_1_45_corrected_H_0001_5dmb,239
complex.9_2_14_corrected_H_0001_5dmb,322
complex.9_2_16_corrected_H_0001_5dmb,282
complex.9_2_38_corrected_H_0001_5dmb,317
complex.9_2_43_corrected_H_0001_5dmb,575
complex.9_2_45_corrected_H_0001_5dmb,272
complex.9_3_25_corrected_H_0001_5dmb,486
complex.9_3_28_corrected_H_0001_5dmb,592
complex.9_3_32_corrected_H_0001_5dmb,385
complex.9_4_22_corrected_H_0001_5dmb,449
complex.9_4_38_corrected_H_0001_5dmb,305
complex.9_4_3_corrected_H_0001_5dmb,320
complex.9_4_9_corrected_H_0001_5dmb,442
complex.9_5_22_corrected_H_0001_5dmb,367
complex.9_5_37_corrected_H_0001_5dmb,477
complex.9_6_29_corrected_H_0001_5dmb,584
complex.9_6_40_corrected_H_0001_5dmb,707
complex.9_6_41_corrected_H_0001_5dmb,602
complex.9_6_5_corrected_H_0001_5dmb,372
complex.9_7_16_corrected_H_0001_5dmb,604
complex.9_7_31_corrected_H_0001_5dmb,636
complex.9_7_34_corrected_H_0001_5dmb,514
complex.9_7_35_corrected_H_0001_5dmb,539
complex.9_7_9_corrected_H_0001_5dmb,419
complex.9_8_16_corrected_H_0001_5dmb,769
complex.9_8_21_corrected_H_0001_5dmb,575
complex.9_8_9_corrected_H_0001_5dmb,551
complex.9_9_13_corrected_H_0001_5dmb,524
complex.9_9_15_corrected_H_0001_5dmb,494
complex.9_9_16_corrected_H_0001_5dmb,479
complex.9_9_22_corrected_H_0001_5dmb,478
complex.9_9_35_corrected_H_0001_5dmb,532
complex.9_9_38_corrected_H_0001_5dmb,585
complex.9_9_42_corrected_H_0001_5dmb,630
complex.9_9_48_corrected_H_0001_5dmb,577
complex.9_9_49_corrected_H_0001_5dmb,551
complex.9_9_8_corrected_H_0001_5dmb,507
complex.10001_9_corrected_H_0001_5dmb,295
complex.10063_8_corrected_H_0001_5dmb,358
complex.10074_1_corrected_H_0001_5dmb,351
complex.10113_0_corrected_H_0001_5dmb,542
complex.10125_0_corrected_H_0001_5dmb,260
complex.1016_2_corrected_H_0001_5dmb,446
complex.10234_7_corrected_H_0001_5dmb,313
complex.10245_7_corrected_H_0001_5dmb,371
complex.10259_7_corrected_H_0001_5dmb,455
complex.10371_3_corrected_H_0001_5dmb,293
complex.10378_2_corrected_H_0001_5dmb,442
complex.10419_4_corrected_H_0001_5dmb,478
complex.10468_6_corrected_H_0001_5dmb,313
complex.10549_1_corrected_H_0001_5dmb,362
complex.10556_3_corrected_H_0001_5dmb,242
complex.10675_2_corrected_H_0001_5dmb,291
complex.10738_2_corrected_H_0001_5dmb,486
complex.10769_5_corrected_H_0001_5dmb,425
complex.10890_7_corrected_H_0001_5dmb,194
complex.10963_5_corrected_H_0001_5dmb,262
complex.10982_7_corrected_H_0001_5dmb,278
complex.10990_0_corrected_H_0001_5dmb,190
complex.11009_1_corrected_H_0001_5dmb,190
complex.11040_5_corrected_H_0001_5dmb,185
complex.11066_5_corrected_H_0001_5dmb,280
complex.11087_0_corrected_H_0001_5dmb,225
complex.11142_2_corrected_H_0001_5dmb,192
complex.1117_1_corrected_H_0001_5dmb,272
complex.11199_2_corrected_H_0001_5dmb,433
complex.11230_8_corrected_H_0001_5dmb,325
complex.11243_9_corrected_H_0001_5dmb,312
complex.11285_2_corrected_H_0001_5dmb,225
complex.1134_1_corrected_H_0001_5dmb,400
complex.11386_7_corrected_H_0001_5dmb,388
complex.11396_5_corrected_H_0001_5dmb,418
complex.11398_2_corrected_H_0001_5dmb,439
complex.11400_9_corrected_H_0001_5dmb,323
complex.11514_6_corrected_H_0001_5dmb,395
complex.11606_3_corrected_H_0001_5dmb,286
complex.11627_5_corrected_H_0001_5dmb,356
complex.11644_0_corrected_H_0001_5dmb,439
complex.11681_3_corrected_H_0001_5dmb,301
complex.11743_8_corrected_H_0001_5dmb,328
complex.11751_5_corrected_H_0001_5dmb,499
complex.1179_0_corrected_H_0001_5dmb,390
complex.11807_1_corrected_H_0001_5dmb,340
complex.11835_5_corrected_H_0001_5dmb,355
complex.11843_1_corrected_H_0001_5dmb,364
complex.11850_0_corrected_H_0001_5dmb,290
complex.11888_0_corrected_H_0001_5dmb,417
complex.11901_1_corrected_H_0001_5dmb,266
complex.11975_6_corrected_H_0001_5dmb,291
complex.12054_9_corrected_H_0001_5dmb,521
complex.12135_5_corrected_H_0001_5dmb,325
complex.12166_7_corrected_H_0001_5dmb,378
complex.12237_5_corrected_H_0001_5dmb,439
complex.12299_8_corrected_H_0001_5dmb,282
complex.12476_7_corrected_H_0001_5dmb,245
complex.12484_8_corrected_H_0001_5dmb,263
complex.12506_5_corrected_H_0001_5dmb,296
complex.12510_0_corrected_H_0001_5dmb,394
complex.12577_8_corrected_H_0001_5dmb,316
complex.12592_5_corrected_H_0001_5dmb,398
complex.12826_7_corrected_H_0001_5dmb,336
complex.12948_7_corrected_H_0001_5dmb,408
complex.12990_0_corrected_H_0001_5dmb,246
complex.13142_0_corrected_H_0001_5dmb,356
complex.13162_7_corrected_H_0001_5dmb,194
complex.13208_8_corrected_H_0001_5dmb,409
complex.13223_0_corrected_H_0001_5dmb,354
complex.13257_2_corrected_H_0001_5dmb,286
complex.13258_0_corrected_H_0001_5dmb,182
complex.13325_4_corrected_H_0001_5dmb,394
complex.13337_1_corrected_H_0001_5dmb,362
complex.13383_9_corrected_H_0001_5dmb,288
complex.13493_5_corrected_H_0001_5dmb,365
complex.13500_8_corrected_H_0001_5dmb,394
complex.13558_0_corrected_H_0001_5dmb,261
complex.13618_5_corrected_H_0001_5dmb,219
complex.13725_8_corrected_H_0001_5dmb,231
complex.13733_6_corrected_H_0001_5dmb,410
complex.13751_6_corrected_H_0001_5dmb,306
complex.13756_0_corrected_H_0001_5dmb,472
complex.13767_2_corrected_H_0001_5dmb,265
complex.13864_2_corrected_H_0001_5dmb,252
complex.13891_9_corrected_H_0001_5dmb,310
complex.13902_6_corrected_H_0001_5dmb,487
complex.13904_2_corrected_H_0001_5dmb,433
complex.13904_5_corrected_H_0001_5dmb,412
complex.14040_5_corrected_H_0001_5dmb,366
complex.14135_3_corrected_H_0001_5dmb,375
complex.14223_2_corrected_H_0001_5dmb,596
complex.1423_1_corrected_H_0001_5dmb,869
complex.14270_2_corrected_H_0001_5dmb,186
complex.14278_8_corrected_H_0001_5dmb,342
complex.14338_7_corrected_H_0001_5dmb,233
complex.14438_9_corrected_H_0001_5dmb,359
complex.14444_8_corrected_H_0001_5dmb,365
complex.14492_8_corrected_H_0001_5dmb,429
complex.14497_1_corrected_H_0001_5dmb,160
complex.14513_8_corrected_H_0001_5dmb,279
complex.14665_2_corrected_H_0001_5dmb,381
complex.14706_9_corrected_H_0001_5dmb,620
complex.14906_3_corrected_H_0001_5dmb,311
complex.14909_1_corrected_H_0001_5dmb,308
complex.14970_8_corrected_H_0001_5dmb,272
complex.14978_7_corrected_H_0001_5dmb,233
complex.1498_7_corrected_H_0001_5dmb,455
complex.15050_9_corrected_H_0001_5dmb,354
complex.15131_4_corrected_H_0001_5dmb,314
complex.15148_1_corrected_H_0001_5dmb,747
complex.15154_0_corrected_H_0001_5dmb,335
complex.15162_8_corrected_H_0001_5dmb,206
complex.1516_6_corrected_H_0001_5dmb,464
complex.15184_0_corrected_H_0001_5dmb,286
complex.15365_8_corrected_H_0001_5dmb,244
complex.15516_5_corrected_H_0001_5dmb,484
complex.15527_7_corrected_H_0001_5dmb,369
complex.15577_0_corrected_H_0001_5dmb,317
complex.1565_3_corrected_H_0001_5dmb,368
complex.15679_2_corrected_H_0001_5dmb,410
complex.15689_0_corrected_H_0001_5dmb,430
complex.15734_7_corrected_H_0001_5dmb,304
complex.15971_9_corrected_H_0001_5dmb,439
complex.16160_3_corrected_H_0001_5dmb,479
complex.16189_0_corrected_H_0001_5dmb,276
complex.16276_4_corrected_H_0001_5dmb,251
complex.1645_6_corrected_H_0001_5dmb,469
complex.16502_1_corrected_H_0001_5dmb,308
complex.16608_1_corrected_H_0001_5dmb,268
complex.16674_5_corrected_H_0001_5dmb,218
complex.16688_5_corrected_H_0001_5dmb,433
complex.1673_3_corrected_H_0001_5dmb,551
complex.16834_5_corrected_H_0001_5dmb,245
complex.16884_2_corrected_H_0001_5dmb,317
complex.16911_6_corrected_H_0001_5dmb,279
complex.1691_5_corrected_H_0001_5dmb,375
complex.16922_4_corrected_H_0001_5dmb,433
complex.16962_8_corrected_H_0001_5dmb,390
complex.17026_2_corrected_H_0001_5dmb,385
complex.17026_3_corrected_H_0001_5dmb,297
complex.17069_3_corrected_H_0001_5dmb,324
complex.17152_6_corrected_H_0001_5dmb,232
complex.17172_1_corrected_H_0001_5dmb,270
complex.17173_8_corrected_H_0001_5dmb,293
complex.17193_4_corrected_H_0001_5dmb,384
complex.17254_9_corrected_H_0001_5dmb,330
complex.17275_6_corrected_H_0001_5dmb,592
complex.17286_5_corrected_H_0001_5dmb,419
complex.17348_8_corrected_H_0001_5dmb,463
complex.17404_3_corrected_H_0001_5dmb,397
complex.17412_3_corrected_H_0001_5dmb,497
complex.17458_3_corrected_H_0001_5dmb,197
complex.17463_9_corrected_H_0001_5dmb,389
complex.17476_3_corrected_H_0001_5dmb,282
complex.17510_8_corrected_H_0001_5dmb,407
complex.17679_0_corrected_H_0001_5dmb,340
complex.17700_7_corrected_H_0001_5dmb,233
complex.17702_4_corrected_H_0001_5dmb,334
complex.17785_5_corrected_H_0001_5dmb,249
complex.17839_2_corrected_H_0001_5dmb,365
complex.17850_8_corrected_H_0001_5dmb,233
complex.17853_0_corrected_H_0001_5dmb,342
complex.17955_0_corrected_H_0001_5dmb,424
complex.17982_7_corrected_H_0001_5dmb,249
complex.179_2_corrected_H_0001_5dmb,462
complex.18014_3_corrected_H_0001_5dmb,240
complex.18097_9_corrected_H_0001_5dmb,389
complex.18183_3_corrected_H_0001_5dmb,457
complex.18231_9_corrected_H_0001_5dmb,317
complex.1828_3_corrected_H_0001_5dmb,268
complex.1830_3_corrected_H_0001_5dmb,308
complex.18342_0_corrected_H_0001_5dmb,350
complex.18388_6_corrected_H_0001_5dmb,291
complex.18457_7_corrected_H_0001_5dmb,416
complex.18804_7_corrected_H_0001_5dmb,377
complex.18914_1_corrected_H_0001_5dmb,297
complex.1891_8_corrected_H_0001_5dmb,459
complex.18949_6_corrected_H_0001_5dmb,267
complex.19057_2_corrected_H_0001_5dmb,172
complex.19171_8_corrected_H_0001_5dmb,319
complex.19220_4_corrected_H_0001_5dmb,402
complex.19229_0_corrected_H_0001_5dmb,203
complex.19255_2_corrected_H_0001_5dmb,289
complex.19355_9_corrected_H_0001_5dmb,197
complex.19370_2_corrected_H_0001_5dmb,296
complex.19476_1_corrected_H_0001_5dmb,404
complex.19527_3_corrected_H_0001_5dmb,342
complex.19565_5_corrected_H_0001_5dmb,290
complex.19571_1_corrected_H_0001_5dmb,399
complex.19591_1_corrected_H_0001_5dmb,341
complex.19700_3_corrected_H_0001_5dmb,588
complex.19716_5_corrected_H_0001_5dmb,397
complex.19794_1_corrected_H_0001_5dmb,248
complex.1984_9_corrected_H_0001_5dmb,403
complex.1993_7_corrected_H_0001_5dmb,361
complex.20099_0_corrected_H_0001_5dmb,364
complex.20238_2_corrected_H_0001_5dmb,245
complex.20343_5_corrected_H_0001_5dmb,176
complex.20351_3_corrected_H_0001_5dmb,476
complex.20386_9_corrected_H_0001_5dmb,471
complex.20387_9_corrected_H_0001_5dmb,329
complex.2042_0_corrected_H_0001_5dmb,342
complex.20438_9_corrected_H_0001_5dmb,198
complex.20495_9_corrected_H_0001_5dmb,254
complex.20504_4_corrected_H_0001_5dmb,348
complex.20527_9_corrected_H_0001_5dmb,474
complex.20640_3_corrected_H_0001_5dmb,297
complex.20680_5_corrected_H_0001_5dmb,255
complex.20741_2_corrected_H_0001_5dmb,386
complex.20775_3_corrected_H_0001_5dmb,228
complex.20781_6_corrected_H_0001_5dmb,202
complex.20782_5_corrected_H_0001_5dmb,466
complex.20791_1_corrected_H_0001_5dmb,161
complex.20793_2_corrected_H_0001_5dmb,344
complex.2080_6_corrected_H_0001_5dmb,432
complex.20875_4_corrected_H_0001_5dmb,287
complex.20898_2_corrected_H_0001_5dmb,304
complex.20936_0_corrected_H_0001_5dmb,318
complex.21070_2_corrected_H_0001_5dmb,414
complex.21129_2_corrected_H_0001_5dmb,261
complex.21481_5_corrected_H_0001_5dmb,470
complex.21575_6_corrected_H_0001_5dmb,485
complex.2157_3_corrected_H_0001_5dmb,428
complex.21612_0_corrected_H_0001_5dmb,482
complex.21665_8_corrected_H_0001_5dmb,268
complex.21674_6_corrected_H_0001_5dmb,520
complex.21761_0_corrected_H_0001_5dmb,364
complex.21824_5_corrected_H_0001_5dmb,435
complex.21961_0_corrected_H_0001_5dmb,620
complex.2197_2_corrected_H_0001_5dmb,383
complex.22023_5_corrected_H_0001_5dmb,277
complex.22041_2_corrected_H_0001_5dmb,487
complex.2215_8_corrected_H_0001_5dmb,332
complex.22187_2_corrected_H_0001_5dmb,215
complex.22193_4_corrected_H_0001_5dmb,343
complex.2223_3_corrected_H_0001_5dmb,387
complex.22323_8_corrected_H_0001_5dmb,367
complex.22361_8_corrected_H_0001_5dmb,244
complex.22397_1_corrected_H_0001_5dmb,274
complex.22431_7_corrected_H_0001_5dmb,396
complex.22488_5_corrected_H_0001_5dmb,208
complex.22503_5_corrected_H_0001_5dmb,308
complex.22513_5_corrected_H_0001_5dmb,358
complex.22548_7_corrected_H_0001_5dmb,213
complex.22570_8_corrected_H_0001_5dmb,358
complex.22579_0_corrected_H_0001_5dmb,308
complex.22615_4_corrected_H_0001_5dmb,571
complex.22636_3_corrected_H_0001_5dmb,368
complex.22758_9_corrected_H_0001_5dmb,268
complex.22774_4_corrected_H_0001_5dmb,291
complex.22841_1_corrected_H_0001_5dmb,418
complex.22851_4_corrected_H_0001_5dmb,333
complex.22892_8_corrected_H_0001_5dmb,427
complex.23121_1_corrected_H_0001_5dmb,215
complex.23310_6_corrected_H_0001_5dmb,396
complex.2333_7_corrected_H_0001_5dmb,454
complex.23382_9_corrected_H_0001_5dmb,342
complex.23397_4_corrected_H_0001_5dmb,419
complex.23506_9_corrected_H_0001_5dmb,469
complex.23507_5_corrected_H_0001_5dmb,268
complex.23571_4_corrected_H_0001_5dmb,288
complex.23597_5_corrected_H_0001_5dmb,312
complex.2359_3_corrected_H_0001_5dmb,521
complex.23721_8_corrected_H_0001_5dmb,264
complex.23839_1_corrected_H_0001_5dmb,303
complex.23877_8_corrected_H_0001_5dmb,334
complex.23887_8_corrected_H_0001_5dmb,495
complex.23925_9_corrected_H_0001_5dmb,322
complex.23932_5_corrected_H_0001_5dmb,332
complex.23995_2_corrected_H_0001_5dmb,308
complex.24003_2_corrected_H_0001_5dmb,154
complex.24087_1_corrected_H_0001_5dmb,443
complex.24105_8_corrected_H_0001_5dmb,286
complex.24146_9_corrected_H_0001_5dmb,266
complex.24227_1_corrected_H_0001_5dmb,463
complex.24263_9_corrected_H_0001_5dmb,214
complex.2426_3_corrected_H_0001_5dmb,353
complex.24283_5_corrected_H_0001_5dmb,276
complex.24343_6_corrected_H_0001_5dmb,213
complex.24387_6_corrected_H_0001_5dmb,296
complex.24421_9_corrected_H_0001_5dmb,166
complex.24497_9_corrected_H_0001_5dmb,276
complex.24628_5_corrected_H_0001_5dmb,303
complex.24628_6_corrected_H_0001_5dmb,267
complex.24763_0_corrected_H_0001_5dmb,273
complex.24788_4_corrected_H_0001_5dmb,306
complex.24921_4_corrected_H_0001_5dmb,383
complex.24991_6_corrected_H_0001_5dmb,414
complex.24992_5_corrected_H_0001_5dmb,254
complex.25009_3_corrected_H_0001_5dmb,232
complex.25024_6_corrected_H_0001_5dmb,429
complex.25244_8_corrected_H_0001_5dmb,232
complex.25247_2_corrected_H_0001_5dmb,243
complex.25262_3_corrected_H_0001_5dmb,388
complex.25318_5_corrected_H_0001_5dmb,197
complex.2533_8_corrected_H_0001_5dmb,568
complex.25357_2_corrected_H_0001_5dmb,256
complex.25372_3_corrected_H_0001_5dmb,292
complex.25435_0_corrected_H_0001_5dmb,251
complex.25455_3_corrected_H_0001_5dmb,177
complex.25463_9_corrected_H_0001_5dmb,282
complex.25474_5_corrected_H_0001_5dmb,198
complex.25540_1_corrected_H_0001_5dmb,264
complex.25544_0_corrected_H_0001_5dmb,393
complex.25734_5_corrected_H_0001_5dmb,535
complex.25748_2_corrected_H_0001_5dmb,354
complex.25939_5_corrected_H_0001_5dmb,434
complex.25974_3_corrected_H_0001_5dmb,189
complex.25977_9_corrected_H_0001_5dmb,370
complex.26058_7_corrected_H_0001_5dmb,292
complex.26126_8_corrected_H_0001_5dmb,259
complex.26147_2_corrected_H_0001_5dmb,399
complex.26186_2_corrected_H_0001_5dmb,216
complex.26209_8_corrected_H_0001_5dmb,346
complex.26241_0_corrected_H_0001_5dmb,297
complex.26269_3_corrected_H_0001_5dmb,233
complex.26303_2_corrected_H_0001_5dmb,343
complex.26469_8_corrected_H_0001_5dmb,227
complex.26482_6_corrected_H_0001_5dmb,277
complex.26526_8_corrected_H_0001_5dmb,287
complex.26530_8_corrected_H_0001_5dmb,269
complex.26620_8_corrected_H_0001_5dmb,358
complex.26645_0_corrected_H_0001_5dmb,242
complex.26758_7_corrected_H_0001_5dmb,368
complex.26775_5_corrected_H_0001_5dmb,237
complex.26814_8_corrected_H_0001_5dmb,286
complex.26816_0_corrected_H_0001_5dmb,180
complex.26869_1_corrected_H_0001_5dmb,272
complex.26905_1_corrected_H_0001_5dmb,285
complex.26975_9_corrected_H_0001_5dmb,367
complex.26979_8_corrected_H_0001_5dmb,323
complex.26984_0_corrected_H_0001_5dmb,172
complex.27044_1_corrected_H_0001_5dmb,479
complex.27058_3_corrected_H_0001_5dmb,188
complex.27095_1_corrected_H_0001_5dmb,342
complex.27106_1_corrected_H_0001_5dmb,383
complex.27250_7_corrected_H_0001_5dmb,330
complex.27273_4_corrected_H_0001_5dmb,252
complex.27326_2_corrected_H_0001_5dmb,221
complex.27340_8_corrected_H_0001_5dmb,266
complex.27380_0_corrected_H_0001_5dmb,211
complex.27466_4_corrected_H_0001_5dmb,231
complex.27505_4_corrected_H_0001_5dmb,289
complex.27512_8_corrected_H_0001_5dmb,290
complex.27528_8_corrected_H_0001_5dmb,253
complex.27664_5_corrected_H_0001_5dmb,568
complex.27696_4_corrected_H_0001_5dmb,302
complex.27712_7_corrected_H_0001_5dmb,307
complex.2773_3_corrected_H_0001_5dmb,321
complex.27855_1_corrected_H_0001_5dmb,470
complex.27855_7_corrected_H_0001_5dmb,229
complex.27870_9_corrected_H_0001_5dmb,234
complex.27894_8_corrected_H_0001_5dmb,316
complex.27924_5_corrected_H_0001_5dmb,185
complex.28008_2_corrected_H_0001_5dmb,393
complex.28068_9_corrected_H_0001_5dmb,228
complex.28073_1_corrected_H_0001_5dmb,248
complex.28083_2_corrected_H_0001_5dmb,188
complex.28109_4_corrected_H_0001_5dmb,246
complex.28154_6_corrected_H_0001_5dmb,312
complex.28155_9_corrected_H_0001_5dmb,253
complex.28171_4_corrected_H_0001_5dmb,339
complex.28201_1_corrected_H_0001_5dmb,367
complex.28222_5_corrected_H_0001_5dmb,228
complex.28300_6_corrected_H_0001_5dmb,261
complex.28318_4_corrected_H_0001_5dmb,372
complex.28391_3_corrected_H_0001_5dmb,288
complex.28428_0_corrected_H_0001_5dmb,280
complex.28440_5_corrected_H_0001_5dmb,459
complex.28475_4_corrected_H_0001_5dmb,404
complex.2847_9_corrected_H_0001_5dmb,321
complex.28523_4_corrected_H_0001_5dmb,337
complex.28547_0_corrected_H_0001_5dmb,331
complex.28556_3_corrected_H_0001_5dmb,368
complex.28563_7_corrected_H_0001_5dmb,378
complex.28569_4_corrected_H_0001_5dmb,197
complex.28636_5_corrected_H_0001_5dmb,276
complex.28656_2_corrected_H_0001_5dmb,329
complex.28745_5_corrected_H_0001_5dmb,275
complex.28856_5_corrected_H_0001_5dmb,245
complex.28907_5_corrected_H_0001_5dmb,362
complex.28967_6_corrected_H_0001_5dmb,440
complex.28971_8_corrected_H_0001_5dmb,561
complex.2905_5_corrected_H_0001_5dmb,540
complex.29079_6_corrected_H_0001_5dmb,246
complex.29202_2_corrected_H_0001_5dmb,309
complex.29230_7_corrected_H_0001_5dmb,376
complex.29250_7_corrected_H_0001_5dmb,224
complex.2929_4_corrected_H_0001_5dmb,344
complex.29334_5_corrected_H_0001_5dmb,363
complex.29337_3_corrected_H_0001_5dmb,305
complex.29377_3_corrected_H_0001_5dmb,351
complex.2952_5_corrected_H_0001_5dmb,362
complex.29532_5_corrected_H_0001_5dmb,216
complex.29600_8_corrected_H_0001_5dmb,325
complex.2961_0_corrected_H_0001_5dmb,295
complex.29714_0_corrected_H_0001_5dmb,346
complex.29715_1_corrected_H_0001_5dmb,334
complex.29723_7_corrected_H_0001_5dmb,437
complex.29731_8_corrected_H_0001_5dmb,374
complex.29760_4_corrected_H_0001_5dmb,425
complex.29816_7_corrected_H_0001_5dmb,345
complex.2982_5_corrected_H_0001_5dmb,667
complex.29912_6_corrected_H_0001_5dmb,329
complex.29976_1_corrected_H_0001_5dmb,315
complex.30043_8_corrected_H_0001_5dmb,430
complex.30144_1_corrected_H_0001_5dmb,221
complex.30162_8_corrected_H_0001_5dmb,258
complex.30189_4_corrected_H_0001_5dmb,407
complex.30215_4_corrected_H_0001_5dmb,223
complex.30219_0_corrected_H_0001_5dmb,408
complex.30241_5_corrected_H_0001_5dmb,256
complex.30243_3_corrected_H_0001_5dmb,314
complex.30250_8_corrected_H_0001_5dmb,204
complex.30387_7_corrected_H_0001_5dmb,300
complex.30589_1_corrected_H_0001_5dmb,255
complex.30593_7_corrected_H_0001_5dmb,337
complex.30655_2_corrected_H_0001_5dmb,366
complex.30679_0_corrected_H_0001_5dmb,365
complex.3070_8_corrected_H_0001_5dmb,353
complex.30722_2_corrected_H_0001_5dmb,217
complex.30728_6_corrected_H_0001_5dmb,331
complex.30743_9_corrected_H_0001_5dmb,270
complex.30774_6_corrected_H_0001_5dmb,467
complex.30779_1_corrected_H_0001_5dmb,273
complex.30848_9_corrected_H_0001_5dmb,471
complex.30882_9_corrected_H_0001_5dmb,276
complex.30888_1_corrected_H_0001_5dmb,180
complex.31090_0_corrected_H_0001_5dmb,228
complex.31264_4_corrected_H_0001_5dmb,358
complex.31274_6_corrected_H_0001_5dmb,284
complex.31293_5_corrected_H_0001_5dmb,390
complex.31483_7_corrected_H_0001_5dmb,324
complex.31510_5_corrected_H_0001_5dmb,268
complex.31589_8_corrected_H_0001_5dmb,243
complex.3166_9_corrected_H_0001_5dmb,364
complex.31740_4_corrected_H_0001_5dmb,375
complex.31758_1_corrected_H_0001_5dmb,349
complex.31778_6_corrected_H_0001_5dmb,286
complex.3177_0_corrected_H_0001_5dmb,369
complex.31924_7_corrected_H_0001_5dmb,203
complex.31948_1_corrected_H_0001_5dmb,465
complex.31983_4_corrected_H_0001_5dmb,198
complex.31990_8_corrected_H_0001_5dmb,227
complex.32006_4_corrected_H_0001_5dmb,293
complex.32020_0_corrected_H_0001_5dmb,199
complex.32079_2_corrected_H_0001_5dmb,376
complex.32105_6_corrected_H_0001_5dmb,281
complex.32106_0_corrected_H_0001_5dmb,324
complex.32167_3_corrected_H_0001_5dmb,230
complex.32174_8_corrected_H_0001_5dmb,415
complex.32304_0_corrected_H_0001_5dmb,311
complex.32402_9_corrected_H_0001_5dmb,398
complex.32426_0_corrected_H_0001_5dmb,276
complex.3254_9_corrected_H_0001_5dmb,290
complex.32585_8_corrected_H_0001_5dmb,250
complex.32587_6_corrected_H_0001_5dmb,293
complex.32592_8_corrected_H_0001_5dmb,286
complex.32615_1_corrected_H_0001_5dmb,198
complex.32664_2_corrected_H_0001_5dmb,411
complex.32712_9_corrected_H_0001_5dmb,296
complex.32739_0_corrected_H_0001_5dmb,228
complex.32752_8_corrected_H_0001_5dmb,321
complex.32779_0_corrected_H_0001_5dmb,240
complex.32795_1_corrected_H_0001_5dmb,388
complex.32822_4_corrected_H_0001_5dmb,390
complex.32835_0_corrected_H_0001_5dmb,281
complex.32960_3_corrected_H_0001_5dmb,248
complex.33146_5_corrected_H_0001_5dmb,365
complex.33165_3_corrected_H_0001_5dmb,421
complex.33250_3_corrected_H_0001_5dmb,303
complex.33333_3_corrected_H_0001_5dmb,265
complex.33348_9_corrected_H_0001_5dmb,208
complex.33358_1_corrected_H_0001_5dmb,404
complex.33412_3_corrected_H_0001_5dmb,329
complex.33435_4_corrected_H_0001_5dmb,323
complex.33451_0_corrected_H_0001_5dmb,417
complex.33484_9_corrected_H_0001_5dmb,365
complex.33492_7_corrected_H_0001_5dmb,367
complex.3351_1_corrected_H_0001_5dmb,276
complex.33569_8_corrected_H_0001_5dmb,357
complex.33570_9_corrected_H_0001_5dmb,181
complex.33611_4_corrected_H_0001_5dmb,331
complex.3361_9_corrected_H_0001_5dmb,384
complex.33676_3_corrected_H_0001_5dmb,277
complex.33678_1_corrected_H_0001_5dmb,427
complex.336_5_corrected_H_0001_5dmb,619
complex.33705_1_corrected_H_0001_5dmb,292
complex.33753_2_corrected_H_0001_5dmb,308
complex.33806_7_corrected_H_0001_5dmb,259
complex.33935_9_corrected_H_0001_5dmb,324
complex.34059_4_corrected_H_0001_5dmb,430
complex.34119_3_corrected_H_0001_5dmb,341
complex.3413_1_corrected_H_0001_5dmb,397
complex.34174_5_corrected_H_0001_5dmb,256
complex.34238_0_corrected_H_0001_5dmb,142
complex.34307_4_corrected_H_0001_5dmb,423
complex.34310_6_corrected_H_0001_5dmb,285
complex.34341_6_corrected_H_0001_5dmb,215
complex.34345_2_corrected_H_0001_5dmb,276
complex.34373_0_corrected_H_0001_5dmb,358
complex.34447_5_corrected_H_0001_5dmb,231
complex.34456_3_corrected_H_0001_5dmb,296
complex.34465_8_corrected_H_0001_5dmb,175
complex.34511_3_corrected_H_0001_5dmb,251
complex.34523_7_corrected_H_0001_5dmb,371
complex.34524_2_corrected_H_0001_5dmb,199
complex.34535_9_corrected_H_0001_5dmb,308
complex.34541_7_corrected_H_0001_5dmb,193
complex.34543_9_corrected_H_0001_5dmb,319
complex.3454_5_corrected_H_0001_5dmb,302
complex.34567_6_corrected_H_0001_5dmb,377
complex.34630_8_corrected_H_0001_5dmb,272
complex.34633_3_corrected_H_0001_5dmb,241
complex.34718_7_corrected_H_0001_5dmb,209
complex.34766_0_corrected_H_0001_5dmb,364
complex.34774_8_corrected_H_0001_5dmb,277
complex.34891_5_corrected_H_0001_5dmb,165
complex.34988_1_corrected_H_0001_5dmb,260
complex.35013_5_corrected_H_0001_5dmb,197
complex.35027_2_corrected_H_0001_5dmb,179
complex.35032_7_corrected_H_0001_5dmb,189
complex.35075_5_corrected_H_0001_5dmb,301
complex.35109_6_corrected_H_0001_5dmb,207
complex.35164_8_corrected_H_0001_5dmb,470
complex.35416_7_corrected_H_0001_5dmb,387
complex.35432_1_corrected_H_0001_5dmb,199
complex.35434_9_corrected_H_0001_5dmb,497
complex.35543_9_corrected_H_0001_5dmb,268
complex.3555_4_corrected_H_0001_5dmb,400
complex.35679_4_corrected_H_0001_5dmb,186
complex.3569_2_corrected_H_0001_5dmb,499
complex.35708_6_corrected_H_0001_5dmb,249
complex.35749_5_corrected_H_0001_5dmb,292
complex.35768_0_corrected_H_0001_5dmb,248
complex.35769_5_corrected_H_0001_5dmb,236
complex.35778_0_corrected_H_0001_5dmb,560
complex.35794_1_corrected_H_0001_5dmb,387
complex.35854_7_corrected_H_0001_5dmb,482
complex.35923_1_corrected_H_0001_5dmb,274
complex.35943_9_corrected_H_0001_5dmb,239
complex.35944_6_corrected_H_0001_5dmb,265
complex.35953_0_corrected_H_0001_5dmb,288
complex.36076_8_corrected_H_0001_5dmb,261
complex.3607_4_corrected_H_0001_5dmb,446
complex.36113_8_corrected_H_0001_5dmb,222
complex.36180_1_corrected_H_0001_5dmb,247
complex.36205_9_corrected_H_0001_5dmb,216
complex.36303_6_corrected_H_0001_5dmb,242
complex.36318_2_corrected_H_0001_5dmb,317
complex.36351_9_corrected_H_0001_5dmb,278
complex.36386_3_corrected_H_0001_5dmb,285
complex.36444_7_corrected_H_0001_5dmb,386
complex.3648_2_corrected_H_0001_5dmb,445
complex.36526_5_corrected_H_0001_5dmb,395
complex.36538_1_corrected_H_0001_5dmb,434
complex.36576_1_corrected_H_0001_5dmb,330
complex.36601_7_corrected_H_0001_5dmb,412
complex.36691_8_corrected_H_0001_5dmb,341
complex.36800_2_corrected_H_0001_5dmb,208
complex.36808_4_corrected_H_0001_5dmb,288
complex.36838_9_corrected_H_0001_5dmb,373
complex.36905_9_corrected_H_0001_5dmb,282
complex.36982_2_corrected_H_0001_5dmb,255
complex.37005_7_corrected_H_0001_5dmb,242
complex.37080_0_corrected_H_0001_5dmb,489
complex.3711_7_corrected_H_0001_5dmb,463
complex.37228_8_corrected_H_0001_5dmb,348
complex.37349_5_corrected_H_0001_5dmb,303
complex.37436_8_corrected_H_0001_5dmb,204
complex.37537_7_corrected_H_0001_5dmb,338
complex.3753_0_corrected_H_0001_5dmb,389
complex.37541_6_corrected_H_0001_5dmb,383
complex.37639_5_corrected_H_0001_5dmb,185
complex.37656_5_corrected_H_0001_5dmb,451
complex.37671_5_corrected_H_0001_5dmb,213
complex.37680_0_corrected_H_0001_5dmb,168
complex.37749_5_corrected_H_0001_5dmb,263
complex.37827_9_corrected_H_0001_5dmb,354
complex.37841_2_corrected_H_0001_5dmb,390
complex.37893_9_corrected_H_0001_5dmb,279
complex.3789_2_corrected_H_0001_5dmb,438
complex.3789_8_corrected_H_0001_5dmb,276
complex.37908_9_corrected_H_0001_5dmb,312
complex.37916_0_corrected_H_0001_5dmb,295
complex.37932_8_corrected_H_0001_5dmb,234
complex.38052_7_corrected_H_0001_5dmb,327
complex.38310_3_corrected_H_0001_5dmb,293
complex.38330_1_corrected_H_0001_5dmb,331
complex.38424_6_corrected_H_0001_5dmb,428
complex.3844_5_corrected_H_0001_5dmb,324
complex.38506_5_corrected_H_0001_5dmb,386
complex.38509_8_corrected_H_0001_5dmb,165
complex.38651_6_corrected_H_0001_5dmb,454
complex.38663_3_corrected_H_0001_5dmb,250
complex.38745_1_corrected_H_0001_5dmb,256
complex.38748_6_corrected_H_0001_5dmb,265
complex.38829_0_corrected_H_0001_5dmb,190
complex.38834_9_corrected_H_0001_5dmb,272
complex.38898_3_corrected_H_0001_5dmb,363
complex.38940_4_corrected_H_0001_5dmb,263
complex.38942_1_corrected_H_0001_5dmb,239
complex.3899_7_corrected_H_0001_5dmb,175
complex.3899_8_corrected_H_0001_5dmb,499
complex.39088_4_corrected_H_0001_5dmb,263
complex.39133_9_corrected_H_0001_5dmb,521
complex.39174_9_corrected_H_0001_5dmb,566
complex.39325_4_corrected_H_0001_5dmb,266
complex.39336_1_corrected_H_0001_5dmb,377
complex.3936_4_corrected_H_0001_5dmb,481
complex.39461_0_corrected_H_0001_5dmb,308
complex.39480_6_corrected_H_0001_5dmb,191
complex.39566_9_corrected_H_0001_5dmb,302
complex.39573_0_corrected_H_0001_5dmb,211
complex.39604_8_corrected_H_0001_5dmb,309
complex.39611_1_corrected_H_0001_5dmb,276
complex.39642_7_corrected_H_0001_5dmb,247
complex.39671_1_corrected_H_0001_5dmb,226
complex.39765_8_corrected_H_0001_5dmb,276
complex.39840_0_corrected_H_0001_5dmb,218
complex.39950_4_corrected_H_0001_5dmb,295
complex.39966_8_corrected_H_0001_5dmb,274
complex.40011_9_corrected_H_0001_5dmb,245
complex.40028_2_corrected_H_0001_5dmb,264
complex.40051_5_corrected_H_0001_5dmb,361
complex.40117_3_corrected_H_0001_5dmb,278
complex.40130_5_corrected_H_0001_5dmb,270
complex.40147_8_corrected_H_0001_5dmb,282
complex.40191_9_corrected_H_0001_5dmb,358
complex.40194_8_corrected_H_0001_5dmb,318
complex.4020_4_corrected_H_0001_5dmb,229
complex.40220_8_corrected_H_0001_5dmb,299
complex.40361_1_corrected_H_0001_5dmb,223
complex.40424_5_corrected_H_0001_5dmb,241
complex.40427_2_corrected_H_0001_5dmb,169
complex.404_0_corrected_H_0001_5dmb,475
complex.40557_9_corrected_H_0001_5dmb,385
complex.40598_5_corrected_H_0001_5dmb,345
complex.40623_8_corrected_H_0001_5dmb,439
complex.40623_9_corrected_H_0001_5dmb,284
complex.40633_4_corrected_H_0001_5dmb,279
complex.40666_1_corrected_H_0001_5dmb,500
complex.40690_3_corrected_H_0001_5dmb,311
complex.40728_5_corrected_H_0001_5dmb,297
complex.40760_4_corrected_H_0001_5dmb,285
complex.40804_6_corrected_H_0001_5dmb,177
complex.40872_1_corrected_H_0001_5dmb,469
complex.40874_2_corrected_H_0001_5dmb,275
complex.40883_8_corrected_H_0001_5dmb,203
complex.40990_3_corrected_H_0001_5dmb,239
complex.41022_1_corrected_H_0001_5dmb,289
complex.4120_3_corrected_H_0001_5dmb,334
complex.41218_4_corrected_H_0001_5dmb,196
complex.41300_1_corrected_H_0001_5dmb,236
complex.41438_6_corrected_H_0001_5dmb,363
complex.41450_6_corrected_H_0001_5dmb,409
complex.41458_9_corrected_H_0001_5dmb,197
complex.41504_8_corrected_H_0001_5dmb,252
complex.41534_6_corrected_H_0001_5dmb,183
complex.41577_4_corrected_H_0001_5dmb,316
complex.41698_1_corrected_H_0001_5dmb,439
complex.41741_4_corrected_H_0001_5dmb,352
complex.41758_2_corrected_H_0001_5dmb,255
complex.41873_2_corrected_H_0001_5dmb,275
complex.41886_8_corrected_H_0001_5dmb,296
complex.41973_1_corrected_H_0001_5dmb,221
complex.42075_2_corrected_H_0001_5dmb,248
complex.42088_9_corrected_H_0001_5dmb,592
complex.42261_1_corrected_H_0001_5dmb,224
complex.42325_1_corrected_H_0001_5dmb,354
complex.42402_9_corrected_H_0001_5dmb,218
complex.42440_3_corrected_H_0001_5dmb,170
complex.42607_1_corrected_H_0001_5dmb,198
complex.42624_6_corrected_H_0001_5dmb,202
complex.4266_7_corrected_H_0001_5dmb,451
complex.42702_6_corrected_H_0001_5dmb,460
complex.4271_2_corrected_H_0001_5dmb,438
complex.42722_7_corrected_H_0001_5dmb,284
complex.42750_4_corrected_H_0001_5dmb,107
complex.42885_0_corrected_H_0001_5dmb,316
complex.42953_3_corrected_H_0001_5dmb,222
complex.42982_0_corrected_H_0001_5dmb,301
complex.42993_2_corrected_H_0001_5dmb,212
complex.43112_9_corrected_H_0001_5dmb,228
complex.43171_5_corrected_H_0001_5dmb,557
complex.43279_6_corrected_H_0001_5dmb,154
complex.43354_6_corrected_H_0001_5dmb,366
complex.43424_2_corrected_H_0001_5dmb,343
complex.43435_9_corrected_H_0001_5dmb,527
complex.4346_7_corrected_H_0001_5dmb,271
complex.43564_2_corrected_H_0001_5dmb,272
complex.43595_9_corrected_H_0001_5dmb,397
complex.43682_0_corrected_H_0001_5dmb,224
complex.43715_0_corrected_H_0001_5dmb,263
complex.43744_4_corrected_H_0001_5dmb,317
complex.43795_4_corrected_H_0001_5dmb,210
complex.43801_2_corrected_H_0001_5dmb,255
complex.43852_8_corrected_H_0001_5dmb,357
complex.44007_3_corrected_H_0001_5dmb,440
complex.44133_9_corrected_H_0001_5dmb,231
complex.44139_1_corrected_H_0001_5dmb,444
complex.44167_2_corrected_H_0001_5dmb,249
complex.44189_5_corrected_H_0001_5dmb,166
complex.44204_4_corrected_H_0001_5dmb,238
complex.44304_1_corrected_H_0001_5dmb,252
complex.44325_7_corrected_H_0001_5dmb,336
complex.44385_2_corrected_H_0001_5dmb,251
complex.44416_2_corrected_H_0001_5dmb,208
complex.44464_7_corrected_H_0001_5dmb,254
complex.44483_0_corrected_H_0001_5dmb,200
complex.44495_4_corrected_H_0001_5dmb,293
complex.44507_3_corrected_H_0001_5dmb,404
complex.44571_3_corrected_H_0001_5dmb,192
complex.44574_7_corrected_H_0001_5dmb,265
complex.44578_8_corrected_H_0001_5dmb,240
complex.44594_1_corrected_H_0001_5dmb,245
complex.44616_4_corrected_H_0001_5dmb,185
complex.44649_0_corrected_H_0001_5dmb,157
complex.44694_7_corrected_H_0001_5dmb,266
complex.446_3_corrected_H_0001_5dmb,603
complex.44771_0_corrected_H_0001_5dmb,298
complex.44799_0_corrected_H_0001_5dmb,375
complex.44853_3_corrected_H_0001_5dmb,430
complex.44867_0_corrected_H_0001_5dmb,318
complex.44884_8_corrected_H_0001_5dmb,420
complex.44942_9_corrected_H_0001_5dmb,246
complex.44948_9_corrected_H_0001_5dmb,131
complex.45050_1_corrected_H_0001_5dmb,243
complex.45172_8_corrected_H_0001_5dmb,225
complex.45292_6_corrected_H_0001_5dmb,222
complex.45311_1_corrected_H_0001_5dmb,284
complex.45332_4_corrected_H_0001_5dmb,165
complex.45379_0_corrected_H_0001_5dmb,193
complex.4538_5_corrected_H_0001_5dmb,382
complex.45390_6_corrected_H_0001_5dmb,272
complex.45396_7_corrected_H_0001_5dmb,270
complex.45454_1_corrected_H_0001_5dmb,273
complex.45476_7_corrected_H_0001_5dmb,212
complex.45509_8_corrected_H_0001_5dmb,250
complex.45617_2_corrected_H_0001_5dmb,473
complex.45618_9_corrected_H_0001_5dmb,326
complex.4562_8_corrected_H_0001_5dmb,360
complex.45662_0_corrected_H_0001_5dmb,321
complex.45667_9_corrected_H_0001_5dmb,270
complex.45702_5_corrected_H_0001_5dmb,227
complex.45705_4_corrected_H_0001_5dmb,151
complex.45769_3_corrected_H_0001_5dmb,261
complex.45817_1_corrected_H_0001_5dmb,275
complex.45874_0_corrected_H_0001_5dmb,328
complex.45876_2_corrected_H_0001_5dmb,169
complex.45970_8_corrected_H_0001_5dmb,266
complex.46059_5_corrected_H_0001_5dmb,337
complex.46071_7_corrected_H_0001_5dmb,262
complex.46090_3_corrected_H_0001_5dmb,268
complex.46092_6_corrected_H_0001_5dmb,348
complex.46138_7_corrected_H_0001_5dmb,247
complex.46141_3_corrected_H_0001_5dmb,409
complex.46229_5_corrected_H_0001_5dmb,182
complex.46235_3_corrected_H_0001_5dmb,156
complex.4627_6_corrected_H_0001_5dmb,399
complex.46287_4_corrected_H_0001_5dmb,216
complex.46305_3_corrected_H_0001_5dmb,262
complex.46338_6_corrected_H_0001_5dmb,540
complex.46368_7_corrected_H_0001_5dmb,246
complex.46371_0_corrected_H_0001_5dmb,267
complex.46388_3_corrected_H_0001_5dmb,313
complex.46431_2_corrected_H_0001_5dmb,382
complex.46496_7_corrected_H_0001_5dmb,208
complex.4661_0_corrected_H_0001_5dmb,456
complex.46698_6_corrected_H_0001_5dmb,242
complex.46738_4_corrected_H_0001_5dmb,268
complex.46762_7_corrected_H_0001_5dmb,470
complex.46792_7_corrected_H_0001_5dmb,318
complex.4680_4_corrected_H_0001_5dmb,404
complex.46871_5_corrected_H_0001_5dmb,218
complex.46906_9_corrected_H_0001_5dmb,257
complex.46965_2_corrected_H_0001_5dmb,340
complex.46977_2_corrected_H_0001_5dmb,221
complex.47013_3_corrected_H_0001_5dmb,356
complex.47037_4_corrected_H_0001_5dmb,218
complex.4703_9_corrected_H_0001_5dmb,321
complex.47046_0_corrected_H_0001_5dmb,334
complex.47106_1_corrected_H_0001_5dmb,400
complex.47177_9_corrected_H_0001_5dmb,142
complex.47378_7_corrected_H_0001_5dmb,362
complex.47393_4_corrected_H_0001_5dmb,261
complex.47506_0_corrected_H_0001_5dmb,292
complex.47512_7_corrected_H_0001_5dmb,246
complex.47550_3_corrected_H_0001_5dmb,280
complex.47575_7_corrected_H_0001_5dmb,277
complex.47637_4_corrected_H_0001_5dmb,313
complex.47649_4_corrected_H_0001_5dmb,244
complex.47762_7_corrected_H_0001_5dmb,537
complex.47872_1_corrected_H_0001_5dmb,276
complex.47880_7_corrected_H_0001_5dmb,259
complex.47917_7_corrected_H_0001_5dmb,177
complex.47919_0_corrected_H_0001_5dmb,348
complex.47951_8_corrected_H_0001_5dmb,323
complex.4798_7_corrected_H_0001_5dmb,380
complex.48021_8_corrected_H_0001_5dmb,158
complex.48032_8_corrected_H_0001_5dmb,179
complex.48037_4_corrected_H_0001_5dmb,289
complex.48066_0_corrected_H_0001_5dmb,147
complex.48116_4_corrected_H_0001_5dmb,225
complex.48165_7_corrected_H_0001_5dmb,290
complex.48173_0_corrected_H_0001_5dmb,273
complex.4817_3_corrected_H_0001_5dmb,468
complex.48202_1_corrected_H_0001_5dmb,353
complex.48241_7_corrected_H_0001_5dmb,370
complex.48299_0_corrected_H_0001_5dmb,220
complex.48366_2_corrected_H_0001_5dmb,158
complex.48366_3_corrected_H_0001_5dmb,257
complex.48396_5_corrected_H_0001_5dmb,368
complex.48451_5_corrected_H_0001_5dmb,203
complex.48452_5_corrected_H_0001_5dmb,285
complex.48559_0_corrected_H_0001_5dmb,242
complex.48581_7_corrected_H_0001_5dmb,245
complex.48599_9_corrected_H_0001_5dmb,175
complex.48707_7_corrected_H_0001_5dmb,455
complex.48749_6_corrected_H_0001_5dmb,385
complex.48820_7_corrected_H_0001_5dmb,311
complex.48953_3_corrected_H_0001_5dmb,284
complex.49029_1_corrected_H_0001_5dmb,233
complex.49108_6_corrected_H_0001_5dmb,199
complex.49277_1_corrected_H_0001_5dmb,308
complex.49480_0_corrected_H_0001_5dmb,375
complex.49533_9_corrected_H_0001_5dmb,327
complex.4963_6_corrected_H_0001_5dmb,470
complex.49699_5_corrected_H_0001_5dmb,185
complex.4969_6_corrected_H_0001_5dmb,457
complex.49747_7_corrected_H_0001_5dmb,91
complex.497_8_corrected_H_0001_5dmb,412
complex.49803_3_corrected_H_0001_5dmb,250
complex.49850_5_corrected_H_0001_5dmb,252
complex.49878_0_corrected_H_0001_5dmb,195
complex.49889_1_corrected_H_0001_5dmb,269
complex.49897_5_corrected_H_0001_5dmb,259
complex.49976_4_corrected_H_0001_5dmb,231
complex.50211_1_corrected_H_0001_5dmb,332
complex.50315_0_corrected_H_0001_5dmb,238
complex.50365_1_corrected_H_0001_5dmb,260
complex.50367_8_corrected_H_0001_5dmb,262
complex.50405_9_corrected_H_0001_5dmb,388
complex.50520_3_corrected_H_0001_5dmb,319
complex.50586_1_corrected_H_0001_5dmb,294
complex.50609_1_corrected_H_0001_5dmb,426
complex.50631_4_corrected_H_0001_5dmb,389
complex.50656_8_corrected_H_0001_5dmb,203
complex.50678_0_corrected_H_0001_5dmb,291
complex.50682_8_corrected_H_0001_5dmb,131
complex.50696_0_corrected_H_0001_5dmb,272
complex.50744_9_corrected_H_0001_5dmb,211
complex.50763_0_corrected_H_0001_5dmb,456
complex.50801_8_corrected_H_0001_5dmb,174
complex.50869_4_corrected_H_0001_5dmb,115
complex.50927_0_corrected_H_0001_5dmb,143
complex.51069_2_corrected_H_0001_5dmb,254
complex.51076_7_corrected_H_0001_5dmb,232
complex.51081_6_corrected_H_0001_5dmb,213
complex.51113_4_corrected_H_0001_5dmb,225
complex.51225_9_corrected_H_0001_5dmb,246
complex.51231_1_corrected_H_0001_5dmb,163
complex.51293_4_corrected_H_0001_5dmb,159
complex.51294_9_corrected_H_0001_5dmb,180
complex.51298_0_corrected_H_0001_5dmb,172
complex.51374_4_corrected_H_0001_5dmb,279
complex.51512_6_corrected_H_0001_5dmb,201
complex.51585_8_corrected_H_0001_5dmb,177
complex.51625_1_corrected_H_0001_5dmb,172
complex.5163_2_corrected_H_0001_5dmb,323
complex.51735_6_corrected_H_0001_5dmb,263
complex.51841_6_corrected_H_0001_5dmb,232
complex.51962_6_corrected_H_0001_5dmb,404
complex.5202_3_corrected_H_0001_5dmb,476
complex.52198_4_corrected_H_0001_5dmb,357
complex.52282_3_corrected_H_0001_5dmb,400
complex.52339_9_corrected_H_0001_5dmb,229
complex.52372_2_corrected_H_0001_5dmb,109
complex.52461_9_corrected_H_0001_5dmb,216
complex.52478_3_corrected_H_0001_5dmb,238
complex.52523_6_corrected_H_0001_5dmb,440
complex.52565_3_corrected_H_0001_5dmb,254
complex.52595_9_corrected_H_0001_5dmb,273
complex.52626_5_corrected_H_0001_5dmb,337
complex.52707_6_corrected_H_0001_5dmb,492
complex.527_7_corrected_H_0001_5dmb,465
complex.52897_8_corrected_H_0001_5dmb,252
complex.52950_5_corrected_H_0001_5dmb,231
complex.53009_4_corrected_H_0001_5dmb,216
complex.53017_4_corrected_H_0001_5dmb,168
complex.53052_6_corrected_H_0001_5dmb,318
complex.53072_7_corrected_H_0001_5dmb,220
complex.53125_4_corrected_H_0001_5dmb,171
complex.53189_2_corrected_H_0001_5dmb,351
complex.53261_5_corrected_H_0001_5dmb,131
complex.53346_1_corrected_H_0001_5dmb,229
complex.53438_8_corrected_H_0001_5dmb,311
complex.53495_3_corrected_H_0001_5dmb,313
complex.53614_8_corrected_H_0001_5dmb,156
complex.53661_4_corrected_H_0001_5dmb,183
complex.53692_8_corrected_H_0001_5dmb,131
complex.536_8_corrected_H_0001_5dmb,339
complex.53717_0_corrected_H_0001_5dmb,184
complex.53769_7_corrected_H_0001_5dmb,200
complex.53797_2_corrected_H_0001_5dmb,251
complex.53859_3_corrected_H_0001_5dmb,181
complex.53860_2_corrected_H_0001_5dmb,216
complex.54000_1_corrected_H_0001_5dmb,257
complex.5457_5_corrected_H_0001_5dmb,364
complex.5537_7_corrected_H_0001_5dmb,523
complex.5633_6_corrected_H_0001_5dmb,466
complex.5741_2_corrected_H_0001_5dmb,347
complex.5784_1_corrected_H_0001_5dmb,335
complex.5817_7_corrected_H_0001_5dmb,302
complex.5832_0_corrected_H_0001_5dmb,335
complex.5977_2_corrected_H_0001_5dmb,316
complex.5988_0_corrected_H_0001_5dmb,557
complex.6007_9_corrected_H_0001_5dmb,515
complex.6046_1_corrected_H_0001_5dmb,267
complex.6046_8_corrected_H_0001_5dmb,265
complex.6192_3_corrected_H_0001_5dmb,378
complex.634_4_corrected_H_0001_5dmb,513
complex.6437_7_corrected_H_0001_5dmb,387
complex.6452_5_corrected_H_0001_5dmb,490
complex.6517_3_corrected_H_0001_5dmb,322
complex.6573_6_corrected_H_0001_5dmb,278
complex.6577_3_corrected_H_0001_5dmb,338
complex.6583_9_corrected_H_0001_5dmb,461
complex.6629_0_corrected_H_0001_5dmb,248
complex.6683_4_corrected_H_0001_5dmb,405
complex.673_5_corrected_H_0001_5dmb,366
complex.6906_3_corrected_H_0001_5dmb,411
complex.6923_5_corrected_H_0001_5dmb,506
complex.6938_8_corrected_H_0001_5dmb,326
complex.6940_7_corrected_H_0001_5dmb,375
complex.6954_3_corrected_H_0001_5dmb,372
complex.6954_5_corrected_H_0001_5dmb,498
complex.7003_0_corrected_H_0001_5dmb,441
complex.7029_0_corrected_H_0001_5dmb,315
complex.7061_0_corrected_H_0001_5dmb,369
complex.7136_6_corrected_H_0001_5dmb,389
complex.7167_9_corrected_H_0001_5dmb,356
complex.7249_4_corrected_H_0001_5dmb,318
complex.7268_1_corrected_H_0001_5dmb,235
complex.7290_0_corrected_H_0001_5dmb,266
complex.733_0_corrected_H_0001_5dmb,463
complex.7361_4_corrected_H_0001_5dmb,464
complex.737_5_corrected_H_0001_5dmb,394
complex.7466_8_corrected_H_0001_5dmb,376
complex.7586_9_corrected_H_0001_5dmb,452
complex.7590_2_corrected_H_0001_5dmb,269
complex.7662_6_corrected_H_0001_5dmb,214
complex.7865_6_corrected_H_0001_5dmb,293
complex.7878_6_corrected_H_0001_5dmb,272
complex.7885_9_corrected_H_0001_5dmb,421
complex.7890_8_corrected_H_0001_5dmb,322
complex.7911_4_corrected_H_0001_5dmb,310
complex.7965_2_corrected_H_0001_5dmb,262
complex.7996_0_corrected_H_0001_5dmb,307
complex.8058_8_corrected_H_0001_5dmb,259
complex.8066_2_corrected_H_0001_5dmb,299
complex.8077_9_corrected_H_0001_5dmb,240
complex.8173_5_corrected_H_0001_5dmb,334
complex.8274_6_corrected_H_0001_5dmb,426
complex.8282_5_corrected_H_0001_5dmb,442
complex.8291_5_corrected_H_0001_5dmb,348
complex.8310_5_corrected_H_0001_5dmb,402
complex.8357_9_corrected_H_0001_5dmb,375
complex.8429_3_corrected_H_0001_5dmb,442
complex.8433_5_corrected_H_0001_5dmb,338
complex.8447_0_corrected_H_0001_5dmb,302
complex.8490_0_corrected_H_0001_5dmb,292
complex.8515_4_corrected_H_0001_5dmb,437
complex.8598_2_corrected_H_0001_5dmb,437
complex.8600_9_corrected_H_0001_5dmb,519
complex.8678_4_corrected_H_0001_5dmb,214
complex.8690_4_corrected_H_0001_5dmb,259
complex.8723_9_corrected_H_0001_5dmb,331
complex.8734_5_corrected_H_0001_5dmb,322
complex.8785_6_corrected_H_0001_5dmb,284
complex.8799_8_corrected_H_0001_5dmb,210
complex.8831_0_corrected_H_0001_5dmb,427
complex.8916_5_corrected_H_0001_5dmb,496
complex.8952_1_corrected_H_0001_5dmb,610
complex.8997_3_corrected_H_0001_5dmb,171
complex.9080_6_corrected_H_0001_5dmb,353
complex.9100_1_corrected_H_0001_5dmb,340
complex.9105_9_corrected_H_0001_5dmb,234
complex.911_8_corrected_H_0001_5dmb,511
complex.9125_0_corrected_H_0001_5dmb,317
complex.9606_5_corrected_H_0001_5dmb,279
complex.9682_3_corrected_H_0001_5dmb,285
complex.9693_3_corrected_H_0001_5dmb,364
complex.9789_6_corrected_H_0001_5dmb,210
complex.9797_9_corrected_H_0001_5dmb,200
complex.9840_7_corrected_H_0001_5dmb,424
complex.9879_8_corrected_H_0001_5dmb,264
complex.9908_8_corrected_H_0001_5dmb,266
complex.9998_1_corrected_H_0001_5dmb,349
